task,condition,matched_to,candidate_budget,population,generations,gradient_steps_mean,target_steps_mean,candidate_evaluations_mean
checkerboard,fixed_mixed_matched,neat_reference,2100,100,20,113634.0,113659.96666666666,60.0
checkerboard,neat_complexify,,2100,100,20,123159.96666666666,,2100.0
checkerboard,neat_complexify_no_penalty,,2100,100,20,125404.56666666667,,2100.0
checkerboard,neat_deep_narrow,,2100,25,83,115015.33333333333,,2100.0
checkerboard,neat_no_crossover,,2100,100,20,95374.0,,2100.0
checkerboard,neat_no_penalty,,2100,100,20,117472.63333333333,,2100.0
checkerboard,neat_no_speciation,,2100,100,20,105903.33333333333,,2100.0
checkerboard,neat_reference,,2100,100,20,113659.96666666666,,2100.0
spiral,fixed_mixed_matched,neat_reference,2100,100,20,133716.0,133736.0,60.0
spiral,neat_complexify,,2100,100,20,145406.0,,2100.0
spiral,neat_complexify_no_penalty,,2100,100,20,147282.63333333333,,2100.0
spiral,neat_deep_narrow,,2100,25,83,147905.33333333334,,2100.0
spiral,neat_no_crossover,,2100,100,20,100080.0,,2100.0
spiral,neat_no_penalty,,2100,100,20,138120.63333333333,,2100.0
spiral,neat_no_speciation,,2100,100,20,131086.0,,2100.0
spiral,neat_reference,,2100,100,20,133736.0,,2100.0
spiral3,fixed_mixed_matched,neat_reference,2100,100,20,108230.0,108249.33333333333,60.0
spiral3,neat_complexify,,2100,100,20,114720.0,,2100.0
spiral3,neat_complexify_no_penalty,,2100,100,20,115852.63333333333,,2100.0
spiral3,neat_deep_narrow,,2100,25,83,106456.66666666667,,2100.0
spiral3,neat_no_crossover,,2100,100,20,91256.66666666667,,2100.0
spiral3,neat_no_penalty,,2100,100,20,113116.66666666667,,2100.0
spiral3,neat_no_speciation,,2100,100,20,105095.33333333333,,2100.0
spiral3,neat_reference,,2100,100,20,108249.33333333333,,2100.0
