task,condition,causal_hidden_nodes_mean,causal_hidden_nodes_max,represented_nodes_mean,node_additions_mean,test_accuracy_mean,size_vs_reference,size_change_holm_p,accuracy_vs_reference,accuracy_change_holm_p,fraction_of_published_champion
spiral,neat_reference,4.233333333333333,7,8.3,403.6,0.7910000000000001,0.0,,0.0,,0.12450980392156863
spiral,neat_complexify,7.766666666666667,14,12.033333333333333,999.5333333333333,0.8298333333333333,3.533333333333333,0.00011037747516523172,0.038833333333333164,0.007559880020591001,0.2284313725490196
spiral,neat_no_penalty,4.933333333333334,9,9.0,397.03333333333336,0.8075,0.7000000000000002,0.5712654858588146,0.016499999999999848,1.0,0.1450980392156863
spiral,neat_complexify_no_penalty,8.0,11,12.6,992.7666666666667,0.8346666666666666,3.7666666666666666,6.934187015802754e-05,0.04366666666666641,0.006324492644330575,0.23529411764705882
spiral,neat_no_speciation,3.6333333333333333,7,7.7,402.3,0.7808333333333334,-0.6000000000000001,0.5712654858588146,-0.010166666666666768,1.0,0.10686274509803921
spiral,neat_no_crossover,5.0,10,9.066666666666666,400.2,0.7603333333333333,0.7666666666666666,0.866687001273933,-0.030666666666666842,0.022985610557111343,0.14705882352941177
spiral,neat_deep_narrow,10.3,23,14.6,414.03333333333336,0.864,6.066666666666667,2.969922504335843e-05,0.07299999999999984,0.0006728045626141914,0.30294117647058827
spiral,fixed_mixed_matched,65.0,65,69.0,,0.9638333333333333,60.766666666666666,2.870318972202443e-05,0.17283333333333317,3.617099393760454e-05,1.911764705882353
checkerboard,neat_reference,2.066666666666667,5,6.1,400.1,0.6616666666666667,0.0,,0.0,,
checkerboard,neat_complexify,5.033333333333333,11,9.2,1002.3,0.6853333333333332,2.9666666666666663,0.00021669616358004933,0.023666666666666503,0.5312737218098769,
checkerboard,neat_no_penalty,4.8,8,8.9,395.8333333333333,0.6503333333333334,2.733333333333333,7.030981220658963e-05,-0.011333333333333306,1.0,
checkerboard,neat_complexify_no_penalty,8.233333333333333,14,12.966666666666667,1001.2,0.6876666666666668,6.166666666666666,3.404627240686077e-05,0.026000000000000023,0.5905134474253847,
checkerboard,neat_no_speciation,0.8333333333333334,4,4.833333333333333,397.93333333333334,0.5798333333333333,-1.2333333333333334,0.00033631391625465405,-0.08183333333333342,0.0066939147703007325,
checkerboard,neat_no_crossover,2.2,6,6.266666666666667,400.23333333333335,0.64,0.1333333333333333,1.0,-0.021666666666666723,1.0,
checkerboard,neat_deep_narrow,4.133333333333334,20,8.133333333333333,413.43333333333334,0.632,2.066666666666667,0.3632677745938212,-0.02966666666666673,1.0,
checkerboard,fixed_mixed_matched,65.0,65,69.0,,0.7121666666666666,62.93333333333333,2.570221910250764e-05,0.05049999999999988,0.0008316832383826174,
spiral3,neat_reference,1.6,4,5.633333333333334,405.06666666666666,0.5968333333333333,0.0,,0.0,,
spiral3,neat_complexify,1.8,6,5.966666666666667,1002.3333333333334,0.606,0.19999999999999996,1.0,0.009166666666666656,1.0,
spiral3,neat_no_penalty,3.966666666666667,7,8.166666666666666,400.1333333333333,0.6158333333333332,2.3666666666666667,0.00011037747516523172,0.018999999999999906,0.3825563032700115,
spiral3,neat_complexify_no_penalty,7.5,13,12.033333333333333,1006.2666666666667,0.621,5.9,2.9958275759811145e-05,0.02416666666666667,0.09211224967264592,
spiral3,neat_no_speciation,0.4666666666666667,2,4.466666666666667,400.5,0.5678333333333333,-1.1333333333333333,0.002877168437568428,-0.029000000000000026,0.04672644356825987,
spiral3,neat_no_crossover,1.3333333333333333,4,5.333333333333333,399.9,0.5931666666666667,-0.26666666666666683,1.0,-0.003666666666666596,1.0,
spiral3,neat_deep_narrow,1.4333333333333333,4,5.433333333333334,417.46666666666664,0.5988333333333333,-0.16666666666666674,1.0,0.0020000000000000018,1.0,
spiral3,fixed_mixed_matched,65.0,65,69.0,,0.7650000000000001,63.4,2.2827306913765087e-05,0.1681666666666668,3.617099393760454e-05,
