task,metric,comparison,condition,n_pairs,mean_difference,median_difference,ci95_low,ci95_high,wilcoxon_p,wins,per_replicate,holm_p,holm_significant
spiral,test_accuracy,neat_reference - neat_complexify,neat_complexify,30,-0.03883333333333334,-0.03250000000000003,-0.05250000000000005,-0.022499999999999964,0.0005039920013727334,6,"[{""replicate"": 1, ""reference"": 0.83, ""other"": 0.805}, {""replicate"": 2, ""reference"": 0.77, ""other"": 0.8}, {""replicate"": 3, ""reference"": 0.79, ""other"": 0.83}, {""replicate"": 4, ""reference"": 0.68, ""other"": 0.785}, {""replicate"": 5, ""reference"": 0.84, ""other"": 0.895}, {""replicate"": 6, ""reference"": 0.835, ""other"": 0.87}, {""replicate"": 7, ""reference"": 0.79, ""other"": 0.875}, {""replicate"": 8, ""reference"": 0.715, ""other"": 0.77}, {""replicate"": 9, ""reference"": 0.815, ""other"": 0.835}, {""replicate"": 10, ""reference"": 0.85, ""other"": 0.9}, {""replicate"": 11, ""reference"": 0.81, ""other"": 0.77}, {""replicate"": 12, ""reference"": 0.795, ""other"": 0.82}, {""replicate"": 13, ""reference"": 0.805, ""other"": 0.895}, {""replicate"": 14, ""reference"": 0.76, ""other"": 0.79}, {""replicate"": 15, ""reference"": 0.84, ""other"": 0.785}, {""replicate"": 16, ""reference"": 0.77, ""other"": 0.8}, {""replicate"": 17, ""reference"": 0.82, ""other"": 0.795}, {""replicate"": 18, ""reference"": 0.805, ""other"": 0.85}, {""replicate"": 19, ""reference"": 0.75, ""other"": 0.855}, {""replicate"": 20, ""reference"": 0.815, ""other"": 0.79}, {""replicate"": 21, ""reference"": 0.84, ""other"": 0.825}, {""replicate"": 22, ""reference"": 0.85, ""other"": 0.87}, {""replicate"": 23, ""reference"": 0.745, ""other"": 0.75}, {""replicate"": 24, ""reference"": 0.795, ""other"": 0.82}, {""replicate"": 25, ""reference"": 0.77, ""other"": 0.81}, {""replicate"": 26, ""reference"": 0.75, ""other"": 0.89}, {""replicate"": 27, ""reference"": 0.8, ""other"": 0.915}, {""replicate"": 28, ""reference"": 0.795, ""other"": 0.86}, {""replicate"": 29, ""reference"": 0.75, ""other"": 0.76}, {""replicate"": 30, ""reference"": 0.75, ""other"": 0.88}]",0.007559880020591001,True
spiral,test_accuracy,neat_reference - neat_no_penalty,neat_no_penalty,30,-0.016499999999999983,-0.014999999999999958,-0.03499999999999992,0.007500000000000007,0.12530831510126228,11,"[{""replicate"": 1, ""reference"": 0.83, ""other"": 0.845}, {""replicate"": 2, ""reference"": 0.77, ""other"": 0.78}, {""replicate"": 3, ""reference"": 0.79, ""other"": 0.825}, {""replicate"": 4, ""reference"": 0.68, ""other"": 0.79}, {""replicate"": 5, ""reference"": 0.84, ""other"": 0.855}, {""replicate"": 6, ""reference"": 0.835, ""other"": 0.83}, {""replicate"": 7, ""reference"": 0.79, ""other"": 0.825}, {""replicate"": 8, ""reference"": 0.715, ""other"": 0.845}, {""replicate"": 9, ""reference"": 0.815, ""other"": 0.815}, {""replicate"": 10, ""reference"": 0.85, ""other"": 0.825}, {""replicate"": 11, ""reference"": 0.81, ""other"": 0.775}, {""replicate"": 12, ""reference"": 0.795, ""other"": 0.835}, {""replicate"": 13, ""reference"": 0.805, ""other"": 0.865}, {""replicate"": 14, ""reference"": 0.76, ""other"": 0.75}, {""replicate"": 15, ""reference"": 0.84, ""other"": 0.765}, {""replicate"": 16, ""reference"": 0.77, ""other"": 0.79}, {""replicate"": 17, ""reference"": 0.82, ""other"": 0.8}, {""replicate"": 18, ""reference"": 0.805, ""other"": 0.82}, {""replicate"": 19, ""reference"": 0.75, ""other"": 0.87}, {""replicate"": 20, ""reference"": 0.815, ""other"": 0.795}, {""replicate"": 21, ""reference"": 0.84, ""other"": 0.76}, {""replicate"": 22, ""reference"": 0.85, ""other"": 0.825}, {""replicate"": 23, ""reference"": 0.745, ""other"": 0.815}, {""replicate"": 24, ""reference"": 0.795, ""other"": 0.785}, {""replicate"": 25, ""reference"": 0.77, ""other"": 0.805}, {""replicate"": 26, ""reference"": 0.75, ""other"": 0.815}, {""replicate"": 27, ""reference"": 0.8, ""other"": 0.82}, {""replicate"": 28, ""reference"": 0.795, ""other"": 0.85}, {""replicate"": 29, ""reference"": 0.75, ""other"": 0.7}, {""replicate"": 30, ""reference"": 0.75, ""other"": 0.75}]",1.0,False
spiral,test_accuracy,neat_reference - neat_complexify_no_penalty,neat_complexify_no_penalty,30,-0.04366666666666667,-0.04749999999999999,-0.0675,-0.017500000000000016,0.00037202897907826914,7,"[{""replicate"": 1, ""reference"": 0.83, ""other"": 0.77}, {""replicate"": 2, ""reference"": 0.77, ""other"": 0.785}, {""replicate"": 3, ""reference"": 0.79, ""other"": 0.81}, {""replicate"": 4, ""reference"": 0.68, ""other"": 0.765}, {""replicate"": 5, ""reference"": 0.84, ""other"": 0.83}, {""replicate"": 6, ""reference"": 0.835, ""other"": 0.81}, {""replicate"": 7, ""reference"": 0.79, ""other"": 0.8}, {""replicate"": 8, ""reference"": 0.715, ""other"": 0.865}, {""replicate"": 9, ""reference"": 0.815, ""other"": 0.88}, {""replicate"": 10, ""reference"": 0.85, ""other"": 0.81}, {""replicate"": 11, ""reference"": 0.81, ""other"": 0.885}, {""replicate"": 12, ""reference"": 0.795, ""other"": 0.82}, {""replicate"": 13, ""reference"": 0.805, ""other"": 0.875}, {""replicate"": 14, ""reference"": 0.76, ""other"": 0.78}, {""replicate"": 15, ""reference"": 0.84, ""other"": 0.825}, {""replicate"": 16, ""reference"": 0.77, ""other"": 0.83}, {""replicate"": 17, ""reference"": 0.82, ""other"": 0.87}, {""replicate"": 18, ""reference"": 0.805, ""other"": 0.855}, {""replicate"": 19, ""reference"": 0.75, ""other"": 0.85}, {""replicate"": 20, ""reference"": 0.815, ""other"": 0.83}, {""replicate"": 21, ""reference"": 0.84, ""other"": 0.885}, {""replicate"": 22, ""reference"": 0.85, ""other"": 0.91}, {""replicate"": 23, ""reference"": 0.745, ""other"": 0.89}, {""replicate"": 24, ""reference"": 0.795, ""other"": 0.77}, {""replicate"": 25, ""reference"": 0.77, ""other"": 0.805}, {""replicate"": 26, ""reference"": 0.75, ""other"": 0.87}, {""replicate"": 27, ""reference"": 0.8, ""other"": 0.9}, {""replicate"": 28, ""reference"": 0.795, ""other"": 0.79}, {""replicate"": 29, ""reference"": 0.75, ""other"": 0.83}, {""replicate"": 30, ""reference"": 0.75, ""other"": 0.845}]",0.006324492644330575,True
spiral,test_accuracy,neat_reference - neat_no_speciation,neat_no_speciation,30,0.010166666666666668,0.02250000000000002,-0.0025000000000000022,0.03500000000000003,0.14688988196120223,20,"[{""replicate"": 1, ""reference"": 0.83, ""other"": 0.845}, {""replicate"": 2, ""reference"": 0.77, ""other"": 0.74}, {""replicate"": 3, ""reference"": 0.79, ""other"": 0.7}, {""replicate"": 4, ""reference"": 0.68, ""other"": 0.8}, {""replicate"": 5, ""reference"": 0.84, ""other"": 0.775}, {""replicate"": 6, ""reference"": 0.835, ""other"": 0.795}, {""replicate"": 7, ""reference"": 0.79, ""other"": 0.75}, {""replicate"": 8, ""reference"": 0.715, ""other"": 0.81}, {""replicate"": 9, ""reference"": 0.815, ""other"": 0.8}, {""replicate"": 10, ""reference"": 0.85, ""other"": 0.815}, {""replicate"": 11, ""reference"": 0.81, ""other"": 0.725}, {""replicate"": 12, ""reference"": 0.795, ""other"": 0.81}, {""replicate"": 13, ""reference"": 0.805, ""other"": 0.785}, {""replicate"": 14, ""reference"": 0.76, ""other"": 0.715}, {""replicate"": 15, ""reference"": 0.84, ""other"": 0.82}, {""replicate"": 16, ""reference"": 0.77, ""other"": 0.8}, {""replicate"": 17, ""reference"": 0.82, ""other"": 0.84}, {""replicate"": 18, ""reference"": 0.805, ""other"": 0.8}, {""replicate"": 19, ""reference"": 0.75, ""other"": 0.725}, {""replicate"": 20, ""reference"": 0.815, ""other"": 0.825}, {""replicate"": 21, ""reference"": 0.84, ""other"": 0.795}, {""replicate"": 22, ""reference"": 0.85, ""other"": 0.765}, {""replicate"": 23, ""reference"": 0.745, ""other"": 0.71}, {""replicate"": 24, ""reference"": 0.795, ""other"": 0.845}, {""replicate"": 25, ""reference"": 0.77, ""other"": 0.81}, {""replicate"": 26, ""reference"": 0.75, ""other"": 0.87}, {""replicate"": 27, ""reference"": 0.8, ""other"": 0.725}, {""replicate"": 28, ""reference"": 0.795, ""other"": 0.765}, {""replicate"": 29, ""reference"": 0.75, ""other"": 0.74}, {""replicate"": 30, ""reference"": 0.75, ""other"": 0.725}]",1.0,False
spiral,test_accuracy,neat_reference - neat_no_crossover,neat_no_crossover,30,0.030666666666666672,0.034999999999999976,0.012500000000000011,0.050000000000000044,0.001641829325507953,22,"[{""replicate"": 1, ""reference"": 0.83, ""other"": 0.765}, {""replicate"": 2, ""reference"": 0.77, ""other"": 0.76}, {""replicate"": 3, ""reference"": 0.79, ""other"": 0.74}, {""replicate"": 4, ""reference"": 0.68, ""other"": 0.8}, {""replicate"": 5, ""reference"": 0.84, ""other"": 0.835}, {""replicate"": 6, ""reference"": 0.835, ""other"": 0.8}, {""replicate"": 7, ""reference"": 0.79, ""other"": 0.74}, {""replicate"": 8, ""reference"": 0.715, ""other"": 0.735}, {""replicate"": 9, ""reference"": 0.815, ""other"": 0.825}, {""replicate"": 10, ""reference"": 0.85, ""other"": 0.77}, {""replicate"": 11, ""reference"": 0.81, ""other"": 0.72}, {""replicate"": 12, ""reference"": 0.795, ""other"": 0.82}, {""replicate"": 13, ""reference"": 0.805, ""other"": 0.715}, {""replicate"": 14, ""reference"": 0.76, ""other"": 0.74}, {""replicate"": 15, ""reference"": 0.84, ""other"": 0.745}, {""replicate"": 16, ""reference"": 0.77, ""other"": 0.77}, {""replicate"": 17, ""reference"": 0.82, ""other"": 0.775}, {""replicate"": 18, ""reference"": 0.805, ""other"": 0.685}, {""replicate"": 19, ""reference"": 0.75, ""other"": 0.785}, {""replicate"": 20, ""reference"": 0.815, ""other"": 0.735}, {""replicate"": 21, ""reference"": 0.84, ""other"": 0.81}, {""replicate"": 22, ""reference"": 0.85, ""other"": 0.805}, {""replicate"": 23, ""reference"": 0.745, ""other"": 0.71}, {""replicate"": 24, ""reference"": 0.795, ""other"": 0.78}, {""replicate"": 25, ""reference"": 0.77, ""other"": 0.72}, {""replicate"": 26, ""reference"": 0.75, ""other"": 0.775}, {""replicate"": 27, ""reference"": 0.8, ""other"": 0.815}, {""replicate"": 28, ""reference"": 0.795, ""other"": 0.715}, {""replicate"": 29, ""reference"": 0.75, ""other"": 0.72}, {""replicate"": 30, ""reference"": 0.75, ""other"": 0.7}]",0.022985610557111343,True
spiral,test_accuracy,neat_reference - neat_deep_narrow,neat_deep_narrow,30,-0.073,-0.06750000000000006,-0.10999999999999999,-0.057499999999999996,3.5410766453378495e-05,5,"[{""replicate"": 1, ""reference"": 0.83, ""other"": 0.895}, {""replicate"": 2, ""reference"": 0.77, ""other"": 0.9}, {""replicate"": 3, ""reference"": 0.79, ""other"": 0.745}, {""replicate"": 4, ""reference"": 0.68, ""other"": 0.935}, {""replicate"": 5, ""reference"": 0.84, ""other"": 0.91}, {""replicate"": 6, ""reference"": 0.835, ""other"": 0.87}, {""replicate"": 7, ""reference"": 0.79, ""other"": 0.775}, {""replicate"": 8, ""reference"": 0.715, ""other"": 0.835}, {""replicate"": 9, ""reference"": 0.815, ""other"": 0.93}, {""replicate"": 10, ""reference"": 0.85, ""other"": 0.775}, {""replicate"": 11, ""reference"": 0.81, ""other"": 0.885}, {""replicate"": 12, ""reference"": 0.795, ""other"": 0.87}, {""replicate"": 13, ""reference"": 0.805, ""other"": 0.865}, {""replicate"": 14, ""reference"": 0.76, ""other"": 0.825}, {""replicate"": 15, ""reference"": 0.84, ""other"": 0.94}, {""replicate"": 16, ""reference"": 0.77, ""other"": 0.89}, {""replicate"": 17, ""reference"": 0.82, ""other"": 0.875}, {""replicate"": 18, ""reference"": 0.805, ""other"": 0.93}, {""replicate"": 19, ""reference"": 0.75, ""other"": 0.865}, {""replicate"": 20, ""reference"": 0.815, ""other"": 0.805}, {""replicate"": 21, ""reference"": 0.84, ""other"": 0.895}, {""replicate"": 22, ""reference"": 0.85, ""other"": 0.81}, {""replicate"": 23, ""reference"": 0.745, ""other"": 0.855}, {""replicate"": 24, ""reference"": 0.795, ""other"": 0.86}, {""replicate"": 25, ""reference"": 0.77, ""other"": 0.94}, {""replicate"": 26, ""reference"": 0.75, ""other"": 0.9}, {""replicate"": 27, ""reference"": 0.8, ""other"": 0.855}, {""replicate"": 28, ""reference"": 0.795, ""other"": 0.86}, {""replicate"": 29, ""reference"": 0.75, ""other"": 0.86}, {""replicate"": 30, ""reference"": 0.75, ""other"": 0.765}]",0.0006728045626141914,True
spiral,test_accuracy,neat_reference - fixed_mixed_matched,fixed_mixed_matched,30,-0.1728333333333333,-0.16749999999999993,-0.19499999999999995,-0.15749999999999997,1.7224282827430733e-06,0,"[{""replicate"": 1, ""reference"": 0.83, ""other"": 0.96}, {""replicate"": 2, ""reference"": 0.77, ""other"": 0.95}, {""replicate"": 3, ""reference"": 0.79, ""other"": 0.98}, {""replicate"": 4, ""reference"": 0.68, ""other"": 0.95}, {""replicate"": 5, ""reference"": 0.84, ""other"": 0.96}, {""replicate"": 6, ""reference"": 0.835, ""other"": 0.945}, {""replicate"": 7, ""reference"": 0.79, ""other"": 0.965}, {""replicate"": 8, ""reference"": 0.715, ""other"": 0.96}, {""replicate"": 9, ""reference"": 0.815, ""other"": 0.96}, {""replicate"": 10, ""reference"": 0.85, ""other"": 0.955}, {""replicate"": 11, ""reference"": 0.81, ""other"": 0.935}, {""replicate"": 12, ""reference"": 0.795, ""other"": 0.985}, {""replicate"": 13, ""reference"": 0.805, ""other"": 0.965}, {""replicate"": 14, ""reference"": 0.76, ""other"": 0.965}, {""replicate"": 15, ""reference"": 0.84, ""other"": 0.98}, {""replicate"": 16, ""reference"": 0.77, ""other"": 0.97}, {""replicate"": 17, ""reference"": 0.82, ""other"": 0.98}, {""replicate"": 18, ""reference"": 0.805, ""other"": 0.97}, {""replicate"": 19, ""reference"": 0.75, ""other"": 0.955}, {""replicate"": 20, ""reference"": 0.815, ""other"": 0.97}, {""replicate"": 21, ""reference"": 0.84, ""other"": 0.975}, {""replicate"": 22, ""reference"": 0.85, ""other"": 0.975}, {""replicate"": 23, ""reference"": 0.745, ""other"": 0.965}, {""replicate"": 24, ""reference"": 0.795, ""other"": 0.96}, {""replicate"": 25, ""reference"": 0.77, ""other"": 0.975}, {""replicate"": 26, ""reference"": 0.75, ""other"": 0.97}, {""replicate"": 27, ""reference"": 0.8, ""other"": 0.965}, {""replicate"": 28, ""reference"": 0.795, ""other"": 0.965}, {""replicate"": 29, ""reference"": 0.75, ""other"": 0.96}, {""replicate"": 30, ""reference"": 0.75, ""other"": 0.945}]",3.617099393760454e-05,True
checkerboard,test_accuracy,neat_reference - neat_complexify,neat_complexify,30,-0.023666666666666673,-0.02250000000000002,-0.05250000000000005,-0.0050000000000000044,0.05312737218098769,8,"[{""replicate"": 1, ""reference"": 0.665, ""other"": 0.535}, {""replicate"": 2, ""reference"": 0.71, ""other"": 0.665}, {""replicate"": 3, ""reference"": 0.67, ""other"": 0.715}, {""replicate"": 4, ""reference"": 0.625, ""other"": 0.695}, {""replicate"": 5, ""reference"": 0.59, ""other"": 0.75}, {""replicate"": 6, ""reference"": 0.655, ""other"": 0.685}, {""replicate"": 7, ""reference"": 0.64, ""other"": 0.64}, {""replicate"": 8, ""reference"": 0.635, ""other"": 0.775}, {""replicate"": 9, ""reference"": 0.71, ""other"": 0.655}, {""replicate"": 10, ""reference"": 0.745, ""other"": 0.73}, {""replicate"": 11, ""reference"": 0.7, ""other"": 0.63}, {""replicate"": 12, ""reference"": 0.715, ""other"": 0.76}, {""replicate"": 13, ""reference"": 0.69, ""other"": 0.76}, {""replicate"": 14, ""reference"": 0.715, ""other"": 0.72}, {""replicate"": 15, ""reference"": 0.665, ""other"": 0.68}, {""replicate"": 16, ""reference"": 0.645, ""other"": 0.65}, {""replicate"": 17, ""reference"": 0.715, ""other"": 0.665}, {""replicate"": 18, ""reference"": 0.55, ""other"": 0.635}, {""replicate"": 19, ""reference"": 0.675, ""other"": 0.75}, {""replicate"": 20, ""reference"": 0.645, ""other"": 0.67}, {""replicate"": 21, ""reference"": 0.775, ""other"": 0.655}, {""replicate"": 22, ""reference"": 0.63, ""other"": 0.635}, {""replicate"": 23, ""reference"": 0.67, ""other"": 0.69}, {""replicate"": 24, ""reference"": 0.655, ""other"": 0.61}, {""replicate"": 25, ""reference"": 0.695, ""other"": 0.715}, {""replicate"": 26, ""reference"": 0.565, ""other"": 0.625}, {""replicate"": 27, ""reference"": 0.68, ""other"": 0.77}, {""replicate"": 28, ""reference"": 0.605, ""other"": 0.74}, {""replicate"": 29, ""reference"": 0.61, ""other"": 0.635}, {""replicate"": 30, ""reference"": 0.605, ""other"": 0.72}]",0.5312737218098769,False
checkerboard,test_accuracy,neat_reference - neat_no_penalty,neat_no_penalty,30,0.011333333333333336,-0.014999999999999958,-0.03250000000000003,0.024999999999999967,0.9589804181752207,12,"[{""replicate"": 1, ""reference"": 0.665, ""other"": 0.71}, {""replicate"": 2, ""reference"": 0.71, ""other"": 0.655}, {""replicate"": 3, ""reference"": 0.67, ""other"": 0.6}, {""replicate"": 4, ""reference"": 0.625, ""other"": 0.66}, {""replicate"": 5, ""reference"": 0.59, ""other"": 0.71}, {""replicate"": 6, ""reference"": 0.655, ""other"": 0.66}, {""replicate"": 7, ""reference"": 0.64, ""other"": 0.585}, {""replicate"": 8, ""reference"": 0.635, ""other"": 0.705}, {""replicate"": 9, ""reference"": 0.71, ""other"": 0.68}, {""replicate"": 10, ""reference"": 0.745, ""other"": 0.615}, {""replicate"": 11, ""reference"": 0.7, ""other"": 0.515}, {""replicate"": 12, ""reference"": 0.715, ""other"": 0.54}, {""replicate"": 13, ""reference"": 0.69, ""other"": 0.705}, {""replicate"": 14, ""reference"": 0.715, ""other"": 0.525}, {""replicate"": 15, ""reference"": 0.665, ""other"": 0.67}, {""replicate"": 16, ""reference"": 0.645, ""other"": 0.585}, {""replicate"": 17, ""reference"": 0.715, ""other"": 0.49}, {""replicate"": 18, ""reference"": 0.55, ""other"": 0.665}, {""replicate"": 19, ""reference"": 0.675, ""other"": 0.715}, {""replicate"": 20, ""reference"": 0.645, ""other"": 0.73}, {""replicate"": 21, ""reference"": 0.775, ""other"": 0.755}, {""replicate"": 22, ""reference"": 0.63, ""other"": 0.66}, {""replicate"": 23, ""reference"": 0.67, ""other"": 0.7}, {""replicate"": 24, ""reference"": 0.655, ""other"": 0.675}, {""replicate"": 25, ""reference"": 0.695, ""other"": 0.69}, {""replicate"": 26, ""reference"": 0.565, ""other"": 0.625}, {""replicate"": 27, ""reference"": 0.68, ""other"": 0.695}, {""replicate"": 28, ""reference"": 0.605, ""other"": 0.705}, {""replicate"": 29, ""reference"": 0.61, ""other"": 0.625}, {""replicate"": 30, ""reference"": 0.605, ""other"": 0.66}]",1.0,False
checkerboard,test_accuracy,neat_reference - neat_complexify_no_penalty,neat_complexify_no_penalty,30,-0.025999999999999992,-0.044999999999999984,-0.0675,-0.0050000000000000044,0.06561260526948719,9,"[{""replicate"": 1, ""reference"": 0.665, ""other"": 0.735}, {""replicate"": 2, ""reference"": 0.71, ""other"": 0.705}, {""replicate"": 3, ""reference"": 0.67, ""other"": 0.72}, {""replicate"": 4, ""reference"": 0.625, ""other"": 0.7}, {""replicate"": 5, ""reference"": 0.59, ""other"": 0.735}, {""replicate"": 6, ""reference"": 0.655, ""other"": 0.715}, {""replicate"": 7, ""reference"": 0.64, ""other"": 0.75}, {""replicate"": 8, ""reference"": 0.635, ""other"": 0.635}, {""replicate"": 9, ""reference"": 0.71, ""other"": 0.555}, {""replicate"": 10, ""reference"": 0.745, ""other"": 0.79}, {""replicate"": 11, ""reference"": 0.7, ""other"": 0.765}, {""replicate"": 12, ""reference"": 0.715, ""other"": 0.735}, {""replicate"": 13, ""reference"": 0.69, ""other"": 0.625}, {""replicate"": 14, ""reference"": 0.715, ""other"": 0.59}, {""replicate"": 15, ""reference"": 0.665, ""other"": 0.675}, {""replicate"": 16, ""reference"": 0.645, ""other"": 0.69}, {""replicate"": 17, ""reference"": 0.715, ""other"": 0.695}, {""replicate"": 18, ""reference"": 0.55, ""other"": 0.68}, {""replicate"": 19, ""reference"": 0.675, ""other"": 0.705}, {""replicate"": 20, ""reference"": 0.645, ""other"": 0.63}, {""replicate"": 21, ""reference"": 0.775, ""other"": 0.635}, {""replicate"": 22, ""reference"": 0.63, ""other"": 0.7}, {""replicate"": 23, ""reference"": 0.67, ""other"": 0.505}, {""replicate"": 24, ""reference"": 0.655, ""other"": 0.745}, {""replicate"": 25, ""reference"": 0.695, ""other"": 0.64}, {""replicate"": 26, ""reference"": 0.565, ""other"": 0.73}, {""replicate"": 27, ""reference"": 0.68, ""other"": 0.745}, {""replicate"": 28, ""reference"": 0.605, ""other"": 0.7}, {""replicate"": 29, ""reference"": 0.61, ""other"": 0.64}, {""replicate"": 30, ""reference"": 0.605, ""other"": 0.76}]",0.5905134474253847,False
checkerboard,test_accuracy,neat_reference - neat_no_speciation,neat_no_speciation,30,0.08183333333333334,0.07249999999999995,0.015000000000000013,0.12,0.0004183696731437958,22,"[{""replicate"": 1, ""reference"": 0.665, ""other"": 0.67}, {""replicate"": 2, ""reference"": 0.71, ""other"": 0.625}, {""replicate"": 3, ""reference"": 0.67, ""other"": 0.565}, {""replicate"": 4, ""reference"": 0.625, ""other"": 0.5}, {""replicate"": 5, ""reference"": 0.59, ""other"": 0.575}, {""replicate"": 6, ""reference"": 0.655, ""other"": 0.705}, {""replicate"": 7, ""reference"": 0.64, ""other"": 0.46}, {""replicate"": 8, ""reference"": 0.635, ""other"": 0.625}, {""replicate"": 9, ""reference"": 0.71, ""other"": 0.595}, {""replicate"": 10, ""reference"": 0.745, ""other"": 0.675}, {""replicate"": 11, ""reference"": 0.7, ""other"": 0.47}, {""replicate"": 12, ""reference"": 0.715, ""other"": 0.51}, {""replicate"": 13, ""reference"": 0.69, ""other"": 0.705}, {""replicate"": 14, ""reference"": 0.715, ""other"": 0.485}, {""replicate"": 15, ""reference"": 0.665, ""other"": 0.48}, {""replicate"": 16, ""reference"": 0.645, ""other"": 0.65}, {""replicate"": 17, ""reference"": 0.715, ""other"": 0.47}, {""replicate"": 18, ""reference"": 0.55, ""other"": 0.525}, {""replicate"": 19, ""reference"": 0.675, ""other"": 0.645}, {""replicate"": 20, ""reference"": 0.645, ""other"": 0.665}, {""replicate"": 21, ""reference"": 0.775, ""other"": 0.575}, {""replicate"": 22, ""reference"": 0.63, ""other"": 0.615}, {""replicate"": 23, ""reference"": 0.67, ""other"": 0.53}, {""replicate"": 24, ""reference"": 0.655, ""other"": 0.54}, {""replicate"": 25, ""reference"": 0.695, ""other"": 0.48}, {""replicate"": 26, ""reference"": 0.565, ""other"": 0.585}, {""replicate"": 27, ""reference"": 0.68, ""other"": 0.635}, {""replicate"": 28, ""reference"": 0.605, ""other"": 0.655}, {""replicate"": 29, ""reference"": 0.61, ""other"": 0.535}, {""replicate"": 30, ""reference"": 0.605, ""other"": 0.645}]",0.0066939147703007325,True
checkerboard,test_accuracy,neat_reference - neat_no_crossover,neat_no_crossover,30,0.02166666666666665,0.0050000000000000044,-0.007500000000000007,0.03749999999999992,0.24090149559778273,16,"[{""replicate"": 1, ""reference"": 0.665, ""other"": 0.665}, {""replicate"": 2, ""reference"": 0.71, ""other"": 0.69}, {""replicate"": 3, ""reference"": 0.67, ""other"": 0.68}, {""replicate"": 4, ""reference"": 0.625, ""other"": 0.705}, {""replicate"": 5, ""reference"": 0.59, ""other"": 0.545}, {""replicate"": 6, ""reference"": 0.655, ""other"": 0.655}, {""replicate"": 7, ""reference"": 0.64, ""other"": 0.625}, {""replicate"": 8, ""reference"": 0.635, ""other"": 0.63}, {""replicate"": 9, ""reference"": 0.71, ""other"": 0.61}, {""replicate"": 10, ""reference"": 0.745, ""other"": 0.535}, {""replicate"": 11, ""reference"": 0.7, ""other"": 0.63}, {""replicate"": 12, ""reference"": 0.715, ""other"": 0.665}, {""replicate"": 13, ""reference"": 0.69, ""other"": 0.675}, {""replicate"": 14, ""reference"": 0.715, ""other"": 0.49}, {""replicate"": 15, ""reference"": 0.665, ""other"": 0.665}, {""replicate"": 16, ""reference"": 0.645, ""other"": 0.67}, {""replicate"": 17, ""reference"": 0.715, ""other"": 0.665}, {""replicate"": 18, ""reference"": 0.55, ""other"": 0.635}, {""replicate"": 19, ""reference"": 0.675, ""other"": 0.515}, {""replicate"": 20, ""reference"": 0.645, ""other"": 0.655}, {""replicate"": 21, ""reference"": 0.775, ""other"": 0.715}, {""replicate"": 22, ""reference"": 0.63, ""other"": 0.72}, {""replicate"": 23, ""reference"": 0.67, ""other"": 0.685}, {""replicate"": 24, ""reference"": 0.655, ""other"": 0.55}, {""replicate"": 25, ""reference"": 0.695, ""other"": 0.665}, {""replicate"": 26, ""reference"": 0.565, ""other"": 0.665}, {""replicate"": 27, ""reference"": 0.68, ""other"": 0.685}, {""replicate"": 28, ""reference"": 0.605, ""other"": 0.645}, {""replicate"": 29, ""reference"": 0.61, ""other"": 0.605}, {""replicate"": 30, ""reference"": 0.605, ""other"": 0.66}]",1.0,False
checkerboard,test_accuracy,neat_reference - neat_deep_narrow,neat_deep_narrow,30,0.02966666666666666,0.010000000000000009,-0.0050000000000000044,0.052499999999999936,0.18772154081668002,17,"[{""replicate"": 1, ""reference"": 0.665, ""other"": 0.57}, {""replicate"": 2, ""reference"": 0.71, ""other"": 0.645}, {""replicate"": 3, ""reference"": 0.67, ""other"": 0.68}, {""replicate"": 4, ""reference"": 0.625, ""other"": 0.53}, {""replicate"": 5, ""reference"": 0.59, ""other"": 0.545}, {""replicate"": 6, ""reference"": 0.655, ""other"": 0.73}, {""replicate"": 7, ""reference"": 0.64, ""other"": 0.605}, {""replicate"": 8, ""reference"": 0.635, ""other"": 0.755}, {""replicate"": 9, ""reference"": 0.71, ""other"": 0.65}, {""replicate"": 10, ""reference"": 0.745, ""other"": 0.67}, {""replicate"": 11, ""reference"": 0.7, ""other"": 0.7}, {""replicate"": 12, ""reference"": 0.715, ""other"": 0.52}, {""replicate"": 13, ""reference"": 0.69, ""other"": 0.445}, {""replicate"": 14, ""reference"": 0.715, ""other"": 0.7}, {""replicate"": 15, ""reference"": 0.665, ""other"": 0.74}, {""replicate"": 16, ""reference"": 0.645, ""other"": 0.66}, {""replicate"": 17, ""reference"": 0.715, ""other"": 0.72}, {""replicate"": 18, ""reference"": 0.55, ""other"": 0.545}, {""replicate"": 19, ""reference"": 0.675, ""other"": 0.67}, {""replicate"": 20, ""reference"": 0.645, ""other"": 0.65}, {""replicate"": 21, ""reference"": 0.775, ""other"": 0.495}, {""replicate"": 22, ""reference"": 0.63, ""other"": 0.61}, {""replicate"": 23, ""reference"": 0.67, ""other"": 0.685}, {""replicate"": 24, ""reference"": 0.655, ""other"": 0.66}, {""replicate"": 25, ""reference"": 0.695, ""other"": 0.515}, {""replicate"": 26, ""reference"": 0.565, ""other"": 0.7}, {""replicate"": 27, ""reference"": 0.68, ""other"": 0.62}, {""replicate"": 28, ""reference"": 0.605, ""other"": 0.675}, {""replicate"": 29, ""reference"": 0.61, ""other"": 0.585}, {""replicate"": 30, ""reference"": 0.605, ""other"": 0.685}]",1.0,False
checkerboard,test_accuracy,neat_reference - fixed_mixed_matched,fixed_mixed_matched,30,-0.05049999999999999,-0.04749999999999999,-0.07749999999999996,-0.024999999999999967,4.620462435458986e-05,5,"[{""replicate"": 1, ""reference"": 0.665, ""other"": 0.66}, {""replicate"": 2, ""reference"": 0.71, ""other"": 0.73}, {""replicate"": 3, ""reference"": 0.67, ""other"": 0.685}, {""replicate"": 4, ""reference"": 0.625, ""other"": 0.71}, {""replicate"": 5, ""reference"": 0.59, ""other"": 0.675}, {""replicate"": 6, ""reference"": 0.655, ""other"": 0.73}, {""replicate"": 7, ""reference"": 0.64, ""other"": 0.65}, {""replicate"": 8, ""reference"": 0.635, ""other"": 0.68}, {""replicate"": 9, ""reference"": 0.71, ""other"": 0.725}, {""replicate"": 10, ""reference"": 0.745, ""other"": 0.715}, {""replicate"": 11, ""reference"": 0.7, ""other"": 0.69}, {""replicate"": 12, ""reference"": 0.715, ""other"": 0.745}, {""replicate"": 13, ""reference"": 0.69, ""other"": 0.725}, {""replicate"": 14, ""reference"": 0.715, ""other"": 0.715}, {""replicate"": 15, ""reference"": 0.665, ""other"": 0.695}, {""replicate"": 16, ""reference"": 0.645, ""other"": 0.695}, {""replicate"": 17, ""reference"": 0.715, ""other"": 0.69}, {""replicate"": 18, ""reference"": 0.55, ""other"": 0.64}, {""replicate"": 19, ""reference"": 0.675, ""other"": 0.74}, {""replicate"": 20, ""reference"": 0.645, ""other"": 0.73}, {""replicate"": 21, ""reference"": 0.775, ""other"": 0.75}, {""replicate"": 22, ""reference"": 0.63, ""other"": 0.71}, {""replicate"": 23, ""reference"": 0.67, ""other"": 0.705}, {""replicate"": 24, ""reference"": 0.655, ""other"": 0.74}, {""replicate"": 25, ""reference"": 0.695, ""other"": 0.745}, {""replicate"": 26, ""reference"": 0.565, ""other"": 0.775}, {""replicate"": 27, ""reference"": 0.68, ""other"": 0.79}, {""replicate"": 28, ""reference"": 0.605, ""other"": 0.69}, {""replicate"": 29, ""reference"": 0.61, ""other"": 0.665}, {""replicate"": 30, ""reference"": 0.605, ""other"": 0.77}]",0.0008316832383826174,True
spiral3,test_accuracy,neat_reference - neat_complexify,neat_complexify,30,-0.009166666666666675,-0.012500000000000011,-0.02999999999999997,0.010000000000000009,0.25331753337097795,13,"[{""replicate"": 1, ""reference"": 0.65, ""other"": 0.605}, {""replicate"": 2, ""reference"": 0.58, ""other"": 0.565}, {""replicate"": 3, ""reference"": 0.675, ""other"": 0.65}, {""replicate"": 4, ""reference"": 0.56, ""other"": 0.59}, {""replicate"": 5, ""reference"": 0.635, ""other"": 0.65}, {""replicate"": 6, ""reference"": 0.635, ""other"": 0.535}, {""replicate"": 7, ""reference"": 0.53, ""other"": 0.64}, {""replicate"": 8, ""reference"": 0.59, ""other"": 0.6}, {""replicate"": 9, ""reference"": 0.61, ""other"": 0.665}, {""replicate"": 10, ""reference"": 0.565, ""other"": 0.635}, {""replicate"": 11, ""reference"": 0.565, ""other"": 0.61}, {""replicate"": 12, ""reference"": 0.58, ""other"": 0.61}, {""replicate"": 13, ""reference"": 0.605, ""other"": 0.615}, {""replicate"": 14, ""reference"": 0.545, ""other"": 0.535}, {""replicate"": 15, ""reference"": 0.66, ""other"": 0.595}, {""replicate"": 16, ""reference"": 0.585, ""other"": 0.615}, {""replicate"": 17, ""reference"": 0.6, ""other"": 0.59}, {""replicate"": 18, ""reference"": 0.55, ""other"": 0.57}, {""replicate"": 19, ""reference"": 0.59, ""other"": 0.61}, {""replicate"": 20, ""reference"": 0.565, ""other"": 0.65}, {""replicate"": 21, ""reference"": 0.67, ""other"": 0.665}, {""replicate"": 22, ""reference"": 0.53, ""other"": 0.6}, {""replicate"": 23, ""reference"": 0.58, ""other"": 0.555}, {""replicate"": 24, ""reference"": 0.61, ""other"": 0.6}, {""replicate"": 25, ""reference"": 0.595, ""other"": 0.655}, {""replicate"": 26, ""reference"": 0.6, ""other"": 0.64}, {""replicate"": 27, ""reference"": 0.605, ""other"": 0.54}, {""replicate"": 28, ""reference"": 0.655, ""other"": 0.615}, {""replicate"": 29, ""reference"": 0.61, ""other"": 0.63}, {""replicate"": 30, ""reference"": 0.575, ""other"": 0.545}]",1.0,False
spiral3,test_accuracy,neat_reference - neat_no_penalty,neat_no_penalty,30,-0.019000000000000003,-0.02999999999999997,-0.03500000000000003,-0.010000000000000009,0.03477784575181923,7,"[{""replicate"": 1, ""reference"": 0.65, ""other"": 0.615}, {""replicate"": 2, ""reference"": 0.58, ""other"": 0.625}, {""replicate"": 3, ""reference"": 0.675, ""other"": 0.63}, {""replicate"": 4, ""reference"": 0.56, ""other"": 0.595}, {""replicate"": 5, ""reference"": 0.635, ""other"": 0.595}, {""replicate"": 6, ""reference"": 0.635, ""other"": 0.555}, {""replicate"": 7, ""reference"": 0.53, ""other"": 0.67}, {""replicate"": 8, ""reference"": 0.59, ""other"": 0.595}, {""replicate"": 9, ""reference"": 0.61, ""other"": 0.63}, {""replicate"": 10, ""reference"": 0.565, ""other"": 0.6}, {""replicate"": 11, ""reference"": 0.565, ""other"": 0.615}, {""replicate"": 12, ""reference"": 0.58, ""other"": 0.59}, {""replicate"": 13, ""reference"": 0.605, ""other"": 0.64}, {""replicate"": 14, ""reference"": 0.545, ""other"": 0.61}, {""replicate"": 15, ""reference"": 0.66, ""other"": 0.615}, {""replicate"": 16, ""reference"": 0.585, ""other"": 0.595}, {""replicate"": 17, ""reference"": 0.6, ""other"": 0.665}, {""replicate"": 18, ""reference"": 0.55, ""other"": 0.58}, {""replicate"": 19, ""reference"": 0.59, ""other"": 0.645}, {""replicate"": 20, ""reference"": 0.565, ""other"": 0.61}, {""replicate"": 21, ""reference"": 0.67, ""other"": 0.67}, {""replicate"": 22, ""reference"": 0.53, ""other"": 0.595}, {""replicate"": 23, ""reference"": 0.58, ""other"": 0.625}, {""replicate"": 24, ""reference"": 0.61, ""other"": 0.62}, {""replicate"": 25, ""reference"": 0.595, ""other"": 0.63}, {""replicate"": 26, ""reference"": 0.6, ""other"": 0.63}, {""replicate"": 27, ""reference"": 0.605, ""other"": 0.575}, {""replicate"": 28, ""reference"": 0.655, ""other"": 0.615}, {""replicate"": 29, ""reference"": 0.61, ""other"": 0.645}, {""replicate"": 30, ""reference"": 0.575, ""other"": 0.595}]",0.3825563032700115,False
spiral3,test_accuracy,neat_reference - neat_complexify_no_penalty,neat_complexify_no_penalty,30,-0.02416666666666667,-0.020000000000000018,-0.030000000000000027,-0.010000000000000009,0.0076760208060538265,7,"[{""replicate"": 1, ""reference"": 0.65, ""other"": 0.595}, {""replicate"": 2, ""reference"": 0.58, ""other"": 0.61}, {""replicate"": 3, ""reference"": 0.675, ""other"": 0.61}, {""replicate"": 4, ""reference"": 0.56, ""other"": 0.645}, {""replicate"": 5, ""reference"": 0.635, ""other"": 0.625}, {""replicate"": 6, ""reference"": 0.635, ""other"": 0.62}, {""replicate"": 7, ""reference"": 0.53, ""other"": 0.645}, {""replicate"": 8, ""reference"": 0.59, ""other"": 0.595}, {""replicate"": 9, ""reference"": 0.61, ""other"": 0.61}, {""replicate"": 10, ""reference"": 0.565, ""other"": 0.63}, {""replicate"": 11, ""reference"": 0.565, ""other"": 0.64}, {""replicate"": 12, ""reference"": 0.58, ""other"": 0.605}, {""replicate"": 13, ""reference"": 0.605, ""other"": 0.625}, {""replicate"": 14, ""reference"": 0.545, ""other"": 0.56}, {""replicate"": 15, ""reference"": 0.66, ""other"": 0.675}, {""replicate"": 16, ""reference"": 0.585, ""other"": 0.605}, {""replicate"": 17, ""reference"": 0.6, ""other"": 0.63}, {""replicate"": 18, ""reference"": 0.55, ""other"": 0.575}, {""replicate"": 19, ""reference"": 0.59, ""other"": 0.61}, {""replicate"": 20, ""reference"": 0.565, ""other"": 0.6}, {""replicate"": 21, ""reference"": 0.67, ""other"": 0.63}, {""replicate"": 22, ""reference"": 0.53, ""other"": 0.68}, {""replicate"": 23, ""reference"": 0.58, ""other"": 0.565}, {""replicate"": 24, ""reference"": 0.61, ""other"": 0.65}, {""replicate"": 25, ""reference"": 0.595, ""other"": 0.6}, {""replicate"": 26, ""reference"": 0.6, ""other"": 0.63}, {""replicate"": 27, ""reference"": 0.605, ""other"": 0.625}, {""replicate"": 28, ""reference"": 0.655, ""other"": 0.625}, {""replicate"": 29, ""reference"": 0.61, ""other"": 0.705}, {""replicate"": 30, ""reference"": 0.575, ""other"": 0.61}]",0.09211224967264592,False
spiral3,test_accuracy,neat_reference - neat_no_speciation,neat_no_speciation,30,0.02899999999999998,0.02999999999999997,0.009999999999999953,0.04749999999999999,0.0035943418129430666,22,"[{""replicate"": 1, ""reference"": 0.65, ""other"": 0.595}, {""replicate"": 2, ""reference"": 0.58, ""other"": 0.53}, {""replicate"": 3, ""reference"": 0.675, ""other"": 0.545}, {""replicate"": 4, ""reference"": 0.56, ""other"": 0.56}, {""replicate"": 5, ""reference"": 0.635, ""other"": 0.53}, {""replicate"": 6, ""reference"": 0.635, ""other"": 0.635}, {""replicate"": 7, ""reference"": 0.53, ""other"": 0.59}, {""replicate"": 8, ""reference"": 0.59, ""other"": 0.54}, {""replicate"": 9, ""reference"": 0.61, ""other"": 0.54}, {""replicate"": 10, ""reference"": 0.565, ""other"": 0.535}, {""replicate"": 11, ""reference"": 0.565, ""other"": 0.55}, {""replicate"": 12, ""reference"": 0.58, ""other"": 0.585}, {""replicate"": 13, ""reference"": 0.605, ""other"": 0.62}, {""replicate"": 14, ""reference"": 0.545, ""other"": 0.53}, {""replicate"": 15, ""reference"": 0.66, ""other"": 0.645}, {""replicate"": 16, ""reference"": 0.585, ""other"": 0.535}, {""replicate"": 17, ""reference"": 0.6, ""other"": 0.555}, {""replicate"": 18, ""reference"": 0.55, ""other"": 0.545}, {""replicate"": 19, ""reference"": 0.59, ""other"": 0.535}, {""replicate"": 20, ""reference"": 0.565, ""other"": 0.525}, {""replicate"": 21, ""reference"": 0.67, ""other"": 0.54}, {""replicate"": 22, ""reference"": 0.53, ""other"": 0.665}, {""replicate"": 23, ""reference"": 0.58, ""other"": 0.61}, {""replicate"": 24, ""reference"": 0.61, ""other"": 0.565}, {""replicate"": 25, ""reference"": 0.595, ""other"": 0.565}, {""replicate"": 26, ""reference"": 0.6, ""other"": 0.625}, {""replicate"": 27, ""reference"": 0.605, ""other"": 0.6}, {""replicate"": 28, ""reference"": 0.655, ""other"": 0.53}, {""replicate"": 29, ""reference"": 0.61, ""other"": 0.565}, {""replicate"": 30, ""reference"": 0.575, ""other"": 0.545}]",0.04672644356825987,True
spiral3,test_accuracy,neat_reference - neat_no_crossover,neat_no_crossover,30,0.0036666666666666475,0.0025000000000000022,-0.017500000000000016,0.022499999999999964,0.8530965468065765,15,"[{""replicate"": 1, ""reference"": 0.65, ""other"": 0.615}, {""replicate"": 2, ""reference"": 0.58, ""other"": 0.595}, {""replicate"": 3, ""reference"": 0.675, ""other"": 0.61}, {""replicate"": 4, ""reference"": 0.56, ""other"": 0.54}, {""replicate"": 5, ""reference"": 0.635, ""other"": 0.64}, {""replicate"": 6, ""reference"": 0.635, ""other"": 0.61}, {""replicate"": 7, ""reference"": 0.53, ""other"": 0.62}, {""replicate"": 8, ""reference"": 0.59, ""other"": 0.615}, {""replicate"": 9, ""reference"": 0.61, ""other"": 0.61}, {""replicate"": 10, ""reference"": 0.565, ""other"": 0.535}, {""replicate"": 11, ""reference"": 0.565, ""other"": 0.55}, {""replicate"": 12, ""reference"": 0.58, ""other"": 0.555}, {""replicate"": 13, ""reference"": 0.605, ""other"": 0.645}, {""replicate"": 14, ""reference"": 0.545, ""other"": 0.56}, {""replicate"": 15, ""reference"": 0.66, ""other"": 0.555}, {""replicate"": 16, ""reference"": 0.585, ""other"": 0.655}, {""replicate"": 17, ""reference"": 0.6, ""other"": 0.54}, {""replicate"": 18, ""reference"": 0.55, ""other"": 0.585}, {""replicate"": 19, ""reference"": 0.59, ""other"": 0.55}, {""replicate"": 20, ""reference"": 0.565, ""other"": 0.625}, {""replicate"": 21, ""reference"": 0.67, ""other"": 0.54}, {""replicate"": 22, ""reference"": 0.53, ""other"": 0.545}, {""replicate"": 23, ""reference"": 0.58, ""other"": 0.56}, {""replicate"": 24, ""reference"": 0.61, ""other"": 0.59}, {""replicate"": 25, ""reference"": 0.595, ""other"": 0.65}, {""replicate"": 26, ""reference"": 0.6, ""other"": 0.595}, {""replicate"": 27, ""reference"": 0.605, ""other"": 0.65}, {""replicate"": 28, ""reference"": 0.655, ""other"": 0.62}, {""replicate"": 29, ""reference"": 0.61, ""other"": 0.63}, {""replicate"": 30, ""reference"": 0.575, ""other"": 0.605}]",1.0,False
spiral3,test_accuracy,neat_reference - neat_deep_narrow,neat_deep_narrow,30,-0.0020000000000000057,-0.0050000000000000044,-0.030000000000000027,0.007500000000000007,0.5036185315683419,10,"[{""replicate"": 1, ""reference"": 0.65, ""other"": 0.595}, {""replicate"": 2, ""reference"": 0.58, ""other"": 0.62}, {""replicate"": 3, ""reference"": 0.675, ""other"": 0.525}, {""replicate"": 4, ""reference"": 0.56, ""other"": 0.58}, {""replicate"": 5, ""reference"": 0.635, ""other"": 0.635}, {""replicate"": 6, ""reference"": 0.635, ""other"": 0.64}, {""replicate"": 7, ""reference"": 0.53, ""other"": 0.61}, {""replicate"": 8, ""reference"": 0.59, ""other"": 0.54}, {""replicate"": 9, ""reference"": 0.61, ""other"": 0.61}, {""replicate"": 10, ""reference"": 0.565, ""other"": 0.605}, {""replicate"": 11, ""reference"": 0.565, ""other"": 0.59}, {""replicate"": 12, ""reference"": 0.58, ""other"": 0.59}, {""replicate"": 13, ""reference"": 0.605, ""other"": 0.64}, {""replicate"": 14, ""reference"": 0.545, ""other"": 0.53}, {""replicate"": 15, ""reference"": 0.66, ""other"": 0.58}, {""replicate"": 16, ""reference"": 0.585, ""other"": 0.64}, {""replicate"": 17, ""reference"": 0.6, ""other"": 0.605}, {""replicate"": 18, ""reference"": 0.55, ""other"": 0.555}, {""replicate"": 19, ""reference"": 0.59, ""other"": 0.59}, {""replicate"": 20, ""reference"": 0.565, ""other"": 0.63}, {""replicate"": 21, ""reference"": 0.67, ""other"": 0.595}, {""replicate"": 22, ""reference"": 0.53, ""other"": 0.625}, {""replicate"": 23, ""reference"": 0.58, ""other"": 0.56}, {""replicate"": 24, ""reference"": 0.61, ""other"": 0.625}, {""replicate"": 25, ""reference"": 0.595, ""other"": 0.64}, {""replicate"": 26, ""reference"": 0.6, ""other"": 0.635}, {""replicate"": 27, ""reference"": 0.605, ""other"": 0.57}, {""replicate"": 28, ""reference"": 0.655, ""other"": 0.605}, {""replicate"": 29, ""reference"": 0.61, ""other"": 0.665}, {""replicate"": 30, ""reference"": 0.575, ""other"": 0.535}]",1.0,False
spiral3,test_accuracy,neat_reference - fixed_mixed_matched,fixed_mixed_matched,30,-0.16816666666666663,-0.16750000000000004,-0.1825,-0.14250000000000002,1.7256857880058036e-06,0,"[{""replicate"": 1, ""reference"": 0.65, ""other"": 0.735}, {""replicate"": 2, ""reference"": 0.58, ""other"": 0.72}, {""replicate"": 3, ""reference"": 0.675, ""other"": 0.8}, {""replicate"": 4, ""reference"": 0.56, ""other"": 0.745}, {""replicate"": 5, ""reference"": 0.635, ""other"": 0.75}, {""replicate"": 6, ""reference"": 0.635, ""other"": 0.75}, {""replicate"": 7, ""reference"": 0.53, ""other"": 0.805}, {""replicate"": 8, ""reference"": 0.59, ""other"": 0.76}, {""replicate"": 9, ""reference"": 0.61, ""other"": 0.755}, {""replicate"": 10, ""reference"": 0.565, ""other"": 0.73}, {""replicate"": 11, ""reference"": 0.565, ""other"": 0.74}, {""replicate"": 12, ""reference"": 0.58, ""other"": 0.77}, {""replicate"": 13, ""reference"": 0.605, ""other"": 0.735}, {""replicate"": 14, ""reference"": 0.545, ""other"": 0.78}, {""replicate"": 15, ""reference"": 0.66, ""other"": 0.82}, {""replicate"": 16, ""reference"": 0.585, ""other"": 0.84}, {""replicate"": 17, ""reference"": 0.6, ""other"": 0.795}, {""replicate"": 18, ""reference"": 0.55, ""other"": 0.685}, {""replicate"": 19, ""reference"": 0.59, ""other"": 0.77}, {""replicate"": 20, ""reference"": 0.565, ""other"": 0.785}, {""replicate"": 21, ""reference"": 0.67, ""other"": 0.725}, {""replicate"": 22, ""reference"": 0.53, ""other"": 0.8}, {""replicate"": 23, ""reference"": 0.58, ""other"": 0.785}, {""replicate"": 24, ""reference"": 0.61, ""other"": 0.785}, {""replicate"": 25, ""reference"": 0.595, ""other"": 0.775}, {""replicate"": 26, ""reference"": 0.6, ""other"": 0.785}, {""replicate"": 27, ""reference"": 0.605, ""other"": 0.75}, {""replicate"": 28, ""reference"": 0.655, ""other"": 0.795}, {""replicate"": 29, ""reference"": 0.61, ""other"": 0.75}, {""replicate"": 30, ""reference"": 0.575, ""other"": 0.73}]",3.617099393760454e-05,True
spiral,causal_hidden_nodes,neat_reference - neat_complexify,neat_complexify,30,-3.533333333333333,-3.0,-5.0,-2.0,8.490575012710132e-06,1,"[{""replicate"": 1, ""reference"": 6, ""other"": 7}, {""replicate"": 2, ""reference"": 5, ""other"": 8}, {""replicate"": 3, ""reference"": 5, ""other"": 7}, {""replicate"": 4, ""reference"": 5, ""other"": 10}, {""replicate"": 5, ""reference"": 7, ""other"": 12}, {""replicate"": 6, ""reference"": 3, ""other"": 10}, {""replicate"": 7, ""reference"": 5, ""other"": 7}, {""replicate"": 8, ""reference"": 2, ""other"": 6}, {""replicate"": 9, ""reference"": 3, ""other"": 7}, {""replicate"": 10, ""reference"": 3, ""other"": 9}, {""replicate"": 11, ""reference"": 4, ""other"": 6}, {""replicate"": 12, ""reference"": 2, ""other"": 9}, {""replicate"": 13, ""reference"": 6, ""other"": 6}, {""replicate"": 14, ""reference"": 3, ""other"": 14}, {""replicate"": 15, ""reference"": 3, ""other"": 6}, {""replicate"": 16, ""reference"": 5, ""other"": 10}, {""replicate"": 17, ""reference"": 5, ""other"": 8}, {""replicate"": 18, ""reference"": 4, ""other"": 9}, {""replicate"": 19, ""reference"": 6, ""other"": 3}, {""replicate"": 20, ""reference"": 4, ""other"": 6}, {""replicate"": 21, ""reference"": 6, ""other"": 6}, {""replicate"": 22, ""reference"": 4, ""other"": 6}, {""replicate"": 23, ""reference"": 3, ""other"": 10}, {""replicate"": 24, ""reference"": 4, ""other"": 10}, {""replicate"": 25, ""reference"": 4, ""other"": 7}, {""replicate"": 26, ""reference"": 4, ""other"": 5}, {""replicate"": 27, ""reference"": 5, ""other"": 9}, {""replicate"": 28, ""reference"": 4, ""other"": 7}, {""replicate"": 29, ""reference"": 5, ""other"": 5}, {""replicate"": 30, ""reference"": 2, ""other"": 8}]",0.00011037747516523172,True
spiral,causal_hidden_nodes,neat_reference - neat_no_penalty,neat_no_penalty,30,-0.7,-1.0,-1.0,0.0,0.0816093551226878,8,"[{""replicate"": 1, ""reference"": 6, ""other"": 5}, {""replicate"": 2, ""reference"": 5, ""other"": 9}, {""replicate"": 3, ""reference"": 5, ""other"": 4}, {""replicate"": 4, ""reference"": 5, ""other"": 3}, {""replicate"": 5, ""reference"": 7, ""other"": 4}, {""replicate"": 6, ""reference"": 3, ""other"": 8}, {""replicate"": 7, ""reference"": 5, ""other"": 4}, {""replicate"": 8, ""reference"": 2, ""other"": 5}, {""replicate"": 9, ""reference"": 3, ""other"": 3}, {""replicate"": 10, ""reference"": 3, ""other"": 5}, {""replicate"": 11, ""reference"": 4, ""other"": 5}, {""replicate"": 12, ""reference"": 2, ""other"": 4}, {""replicate"": 13, ""reference"": 6, ""other"": 6}, {""replicate"": 14, ""reference"": 3, ""other"": 7}, {""replicate"": 15, ""reference"": 3, ""other"": 5}, {""replicate"": 16, ""reference"": 5, ""other"": 6}, {""replicate"": 17, ""reference"": 5, ""other"": 8}, {""replicate"": 18, ""reference"": 4, ""other"": 4}, {""replicate"": 19, ""reference"": 6, ""other"": 3}, {""replicate"": 20, ""reference"": 4, ""other"": 5}, {""replicate"": 21, ""reference"": 6, ""other"": 5}, {""replicate"": 22, ""reference"": 4, ""other"": 5}, {""replicate"": 23, ""reference"": 3, ""other"": 4}, {""replicate"": 24, ""reference"": 4, ""other"": 4}, {""replicate"": 25, ""reference"": 4, ""other"": 4}, {""replicate"": 26, ""reference"": 4, ""other"": 5}, {""replicate"": 27, ""reference"": 5, ""other"": 6}, {""replicate"": 28, ""reference"": 4, ""other"": 4}, {""replicate"": 29, ""reference"": 5, ""other"": 3}, {""replicate"": 30, ""reference"": 2, ""other"": 5}]",0.5712654858588146,False
spiral,causal_hidden_nodes,neat_reference - neat_complexify_no_penalty,neat_complexify_no_penalty,30,-3.7666666666666666,-4.0,-6.0,-3.0,4.622791343868502e-06,1,"[{""replicate"": 1, ""reference"": 6, ""other"": 4}, {""replicate"": 2, ""reference"": 5, ""other"": 8}, {""replicate"": 3, ""reference"": 5, ""other"": 9}, {""replicate"": 4, ""reference"": 5, ""other"": 9}, {""replicate"": 5, ""reference"": 7, ""other"": 7}, {""replicate"": 6, ""reference"": 3, ""other"": 8}, {""replicate"": 7, ""reference"": 5, ""other"": 11}, {""replicate"": 8, ""reference"": 2, ""other"": 8}, {""replicate"": 9, ""reference"": 3, ""other"": 9}, {""replicate"": 10, ""reference"": 3, ""other"": 9}, {""replicate"": 11, ""reference"": 4, ""other"": 8}, {""replicate"": 12, ""reference"": 2, ""other"": 8}, {""replicate"": 13, ""reference"": 6, ""other"": 8}, {""replicate"": 14, ""reference"": 3, ""other"": 10}, {""replicate"": 15, ""reference"": 3, ""other"": 8}, {""replicate"": 16, ""reference"": 5, ""other"": 5}, {""replicate"": 17, ""reference"": 5, ""other"": 7}, {""replicate"": 18, ""reference"": 4, ""other"": 10}, {""replicate"": 19, ""reference"": 6, ""other"": 9}, {""replicate"": 20, ""reference"": 4, ""other"": 7}, {""replicate"": 21, ""reference"": 6, ""other"": 7}, {""replicate"": 22, ""reference"": 4, ""other"": 5}, {""replicate"": 23, ""reference"": 3, ""other"": 10}, {""replicate"": 24, ""reference"": 4, ""other"": 10}, {""replicate"": 25, ""reference"": 4, ""other"": 10}, {""replicate"": 26, ""reference"": 4, ""other"": 6}, {""replicate"": 27, ""reference"": 5, ""other"": 5}, {""replicate"": 28, ""reference"": 4, ""other"": 7}, {""replicate"": 29, ""reference"": 5, ""other"": 9}, {""replicate"": 30, ""reference"": 2, ""other"": 9}]",6.934187015802754e-05,True
spiral,causal_hidden_nodes,neat_reference - neat_no_speciation,neat_no_speciation,30,0.6,1.0,0.0,1.5,0.09507318945262674,16,"[{""replicate"": 1, ""reference"": 6, ""other"": 5}, {""replicate"": 2, ""reference"": 5, ""other"": 4}, {""replicate"": 3, ""reference"": 5, ""other"": 2}, {""replicate"": 4, ""reference"": 5, ""other"": 4}, {""replicate"": 5, ""reference"": 7, ""other"": 3}, {""replicate"": 6, ""reference"": 3, ""other"": 3}, {""replicate"": 7, ""reference"": 5, ""other"": 2}, {""replicate"": 8, ""reference"": 2, ""other"": 3}, {""replicate"": 9, ""reference"": 3, ""other"": 3}, {""replicate"": 10, ""reference"": 3, ""other"": 4}, {""replicate"": 11, ""reference"": 4, ""other"": 2}, {""replicate"": 12, ""reference"": 2, ""other"": 5}, {""replicate"": 13, ""reference"": 6, ""other"": 4}, {""replicate"": 14, ""reference"": 3, ""other"": 1}, {""replicate"": 15, ""reference"": 3, ""other"": 6}, {""replicate"": 16, ""reference"": 5, ""other"": 4}, {""replicate"": 17, ""reference"": 5, ""other"": 3}, {""replicate"": 18, ""reference"": 4, ""other"": 4}, {""replicate"": 19, ""reference"": 6, ""other"": 3}, {""replicate"": 20, ""reference"": 4, ""other"": 5}, {""replicate"": 21, ""reference"": 6, ""other"": 3}, {""replicate"": 22, ""reference"": 4, ""other"": 3}, {""replicate"": 23, ""reference"": 3, ""other"": 5}, {""replicate"": 24, ""reference"": 4, ""other"": 4}, {""replicate"": 25, ""reference"": 4, ""other"": 7}, {""replicate"": 26, ""reference"": 4, ""other"": 4}, {""replicate"": 27, ""reference"": 5, ""other"": 2}, {""replicate"": 28, ""reference"": 4, ""other"": 4}, {""replicate"": 29, ""reference"": 5, ""other"": 4}, {""replicate"": 30, ""reference"": 2, ""other"": 3}]",0.5712654858588146,False
spiral,causal_hidden_nodes,neat_reference - neat_no_crossover,neat_no_crossover,30,-0.7666666666666667,0.0,-2.0,1.0,0.1733374002547866,12,"[{""replicate"": 1, ""reference"": 6, ""other"": 5}, {""replicate"": 2, ""reference"": 5, ""other"": 7}, {""replicate"": 3, ""reference"": 5, ""other"": 6}, {""replicate"": 4, ""reference"": 5, ""other"": 5}, {""replicate"": 5, ""reference"": 7, ""other"": 6}, {""replicate"": 6, ""reference"": 3, ""other"": 5}, {""replicate"": 7, ""reference"": 5, ""other"": 4}, {""replicate"": 8, ""reference"": 2, ""other"": 10}, {""replicate"": 9, ""reference"": 3, ""other"": 5}, {""replicate"": 10, ""reference"": 3, ""other"": 4}, {""replicate"": 11, ""reference"": 4, ""other"": 2}, {""replicate"": 12, ""reference"": 2, ""other"": 7}, {""replicate"": 13, ""reference"": 6, ""other"": 4}, {""replicate"": 14, ""reference"": 3, ""other"": 5}, {""replicate"": 15, ""reference"": 3, ""other"": 6}, {""replicate"": 16, ""reference"": 5, ""other"": 4}, {""replicate"": 17, ""reference"": 5, ""other"": 4}, {""replicate"": 18, ""reference"": 4, ""other"": 4}, {""replicate"": 19, ""reference"": 6, ""other"": 4}, {""replicate"": 20, ""reference"": 4, ""other"": 8}, {""replicate"": 21, ""reference"": 6, ""other"": 4}, {""replicate"": 22, ""reference"": 4, ""other"": 8}, {""replicate"": 23, ""reference"": 3, ""other"": 3}, {""replicate"": 24, ""reference"": 4, ""other"": 4}, {""replicate"": 25, ""reference"": 4, ""other"": 3}, {""replicate"": 26, ""reference"": 4, ""other"": 6}, {""replicate"": 27, ""reference"": 5, ""other"": 4}, {""replicate"": 28, ""reference"": 4, ""other"": 3}, {""replicate"": 29, ""reference"": 5, ""other"": 6}, {""replicate"": 30, ""reference"": 2, ""other"": 4}]",0.866687001273933,False
spiral,causal_hidden_nodes,neat_reference - neat_deep_narrow,neat_deep_narrow,30,-6.066666666666666,-5.0,-7.0,-4.5,1.6499569468532461e-06,0,"[{""replicate"": 1, ""reference"": 6, ""other"": 11}, {""replicate"": 2, ""reference"": 5, ""other"": 13}, {""replicate"": 3, ""reference"": 5, ""other"": 8}, {""replicate"": 4, ""reference"": 5, ""other"": 8}, {""replicate"": 5, ""reference"": 7, ""other"": 10}, {""replicate"": 6, ""reference"": 3, ""other"": 17}, {""replicate"": 7, ""reference"": 5, ""other"": 9}, {""replicate"": 8, ""reference"": 2, ""other"": 6}, {""replicate"": 9, ""reference"": 3, ""other"": 8}, {""replicate"": 10, ""reference"": 3, ""other"": 5}, {""replicate"": 11, ""reference"": 4, ""other"": 11}, {""replicate"": 12, ""reference"": 2, ""other"": 10}, {""replicate"": 13, ""reference"": 6, ""other"": 11}, {""replicate"": 14, ""reference"": 3, ""other"": 8}, {""replicate"": 15, ""reference"": 3, ""other"": 10}, {""replicate"": 16, ""reference"": 5, ""other"": 7}, {""replicate"": 17, ""reference"": 5, ""other"": 14}, {""replicate"": 18, ""reference"": 4, ""other"": 10}, {""replicate"": 19, ""reference"": 6, ""other"": 12}, {""replicate"": 20, ""reference"": 4, ""other"": 9}, {""replicate"": 21, ""reference"": 6, ""other"": 9}, {""replicate"": 22, ""reference"": 4, ""other"": 12}, {""replicate"": 23, ""reference"": 3, ""other"": 8}, {""replicate"": 24, ""reference"": 4, ""other"": 13}, {""replicate"": 25, ""reference"": 4, ""other"": 12}, {""replicate"": 26, ""reference"": 4, ""other"": 6}, {""replicate"": 27, ""reference"": 5, ""other"": 13}, {""replicate"": 28, ""reference"": 4, ""other"": 8}, {""replicate"": 29, ""reference"": 5, ""other"": 23}, {""replicate"": 30, ""reference"": 2, ""other"": 8}]",2.969922504335843e-05,True
spiral,causal_hidden_nodes,neat_reference - fixed_mixed_matched,fixed_mixed_matched,30,-60.766666666666666,-61.0,-61.0,-60.0,1.5106941958960226e-06,0,"[{""replicate"": 1, ""reference"": 6, ""other"": 65}, {""replicate"": 2, ""reference"": 5, ""other"": 65}, {""replicate"": 3, ""reference"": 5, ""other"": 65}, {""replicate"": 4, ""reference"": 5, ""other"": 65}, {""replicate"": 5, ""reference"": 7, ""other"": 65}, {""replicate"": 6, ""reference"": 3, ""other"": 65}, {""replicate"": 7, ""reference"": 5, ""other"": 65}, {""replicate"": 8, ""reference"": 2, ""other"": 65}, {""replicate"": 9, ""reference"": 3, ""other"": 65}, {""replicate"": 10, ""reference"": 3, ""other"": 65}, {""replicate"": 11, ""reference"": 4, ""other"": 65}, {""replicate"": 12, ""reference"": 2, ""other"": 65}, {""replicate"": 13, ""reference"": 6, ""other"": 65}, {""replicate"": 14, ""reference"": 3, ""other"": 65}, {""replicate"": 15, ""reference"": 3, ""other"": 65}, {""replicate"": 16, ""reference"": 5, ""other"": 65}, {""replicate"": 17, ""reference"": 5, ""other"": 65}, {""replicate"": 18, ""reference"": 4, ""other"": 65}, {""replicate"": 19, ""reference"": 6, ""other"": 65}, {""replicate"": 20, ""reference"": 4, ""other"": 65}, {""replicate"": 21, ""reference"": 6, ""other"": 65}, {""replicate"": 22, ""reference"": 4, ""other"": 65}, {""replicate"": 23, ""reference"": 3, ""other"": 65}, {""replicate"": 24, ""reference"": 4, ""other"": 65}, {""replicate"": 25, ""reference"": 4, ""other"": 65}, {""replicate"": 26, ""reference"": 4, ""other"": 65}, {""replicate"": 27, ""reference"": 5, ""other"": 65}, {""replicate"": 28, ""reference"": 4, ""other"": 65}, {""replicate"": 29, ""reference"": 5, ""other"": 65}, {""replicate"": 30, ""reference"": 2, ""other"": 65}]",2.870318972202443e-05,True
checkerboard,causal_hidden_nodes,neat_reference - neat_complexify,neat_complexify,30,-2.966666666666667,-3.0,-4.0,-1.0,1.9699651234549938e-05,1,"[{""replicate"": 1, ""reference"": 1, ""other"": 2}, {""replicate"": 2, ""reference"": 2, ""other"": 2}, {""replicate"": 3, ""reference"": 1, ""other"": 5}, {""replicate"": 4, ""reference"": 5, ""other"": 8}, {""replicate"": 5, ""reference"": 3, ""other"": 4}, {""replicate"": 6, ""reference"": 4, ""other"": 4}, {""replicate"": 7, ""reference"": 1, ""other"": 1}, {""replicate"": 8, ""reference"": 2, ""other"": 8}, {""replicate"": 9, ""reference"": 2, ""other"": 6}, {""replicate"": 10, ""reference"": 1, ""other"": 3}, {""replicate"": 11, ""reference"": 2, ""other"": 9}, {""replicate"": 12, ""reference"": 2, ""other"": 6}, {""replicate"": 13, ""reference"": 4, ""other"": 11}, {""replicate"": 14, ""reference"": 1, ""other"": 7}, {""replicate"": 15, ""reference"": 1, ""other"": 8}, {""replicate"": 16, ""reference"": 1, ""other"": 6}, {""replicate"": 17, ""reference"": 2, ""other"": 10}, {""replicate"": 18, ""reference"": 1, ""other"": 1}, {""replicate"": 19, ""reference"": 2, ""other"": 5}, {""replicate"": 20, ""reference"": 1, ""other"": 2}, {""replicate"": 21, ""reference"": 4, ""other"": 1}, {""replicate"": 22, ""reference"": 2, ""other"": 2}, {""replicate"": 23, ""reference"": 3, ""other"": 9}, {""replicate"": 24, ""reference"": 1, ""other"": 5}, {""replicate"": 25, ""reference"": 3, ""other"": 6}, {""replicate"": 26, ""reference"": 1, ""other"": 2}, {""replicate"": 27, ""reference"": 2, ""other"": 5}, {""replicate"": 28, ""reference"": 2, ""other"": 6}, {""replicate"": 29, ""reference"": 4, ""other"": 4}, {""replicate"": 30, ""reference"": 1, ""other"": 3}]",0.00021669616358004933,True
checkerboard,causal_hidden_nodes,neat_reference - neat_no_penalty,neat_no_penalty,30,-2.7333333333333334,-3.0,-4.0,-2.0,5.0221294433278305e-06,1,"[{""replicate"": 1, ""reference"": 1, ""other"": 3}, {""replicate"": 2, ""reference"": 2, ""other"": 4}, {""replicate"": 3, ""reference"": 1, ""other"": 6}, {""replicate"": 4, ""reference"": 5, ""other"": 8}, {""replicate"": 5, ""reference"": 3, ""other"": 5}, {""replicate"": 6, ""reference"": 4, ""other"": 5}, {""replicate"": 7, ""reference"": 1, ""other"": 5}, {""replicate"": 8, ""reference"": 2, ""other"": 4}, {""replicate"": 9, ""reference"": 2, ""other"": 7}, {""replicate"": 10, ""reference"": 1, ""other"": 2}, {""replicate"": 11, ""reference"": 2, ""other"": 6}, {""replicate"": 12, ""reference"": 2, ""other"": 7}, {""replicate"": 13, ""reference"": 4, ""other"": 7}, {""replicate"": 14, ""reference"": 1, ""other"": 2}, {""replicate"": 15, ""reference"": 1, ""other"": 3}, {""replicate"": 16, ""reference"": 1, ""other"": 5}, {""replicate"": 17, ""reference"": 2, ""other"": 3}, {""replicate"": 18, ""reference"": 1, ""other"": 4}, {""replicate"": 19, ""reference"": 2, ""other"": 5}, {""replicate"": 20, ""reference"": 1, ""other"": 2}, {""replicate"": 21, ""reference"": 4, ""other"": 7}, {""replicate"": 22, ""reference"": 2, ""other"": 6}, {""replicate"": 23, ""reference"": 3, ""other"": 5}, {""replicate"": 24, ""reference"": 1, ""other"": 6}, {""replicate"": 25, ""reference"": 3, ""other"": 7}, {""replicate"": 26, ""reference"": 1, ""other"": 6}, {""replicate"": 27, ""reference"": 2, ""other"": 2}, {""replicate"": 28, ""reference"": 2, ""other"": 3}, {""replicate"": 29, ""reference"": 4, ""other"": 2}, {""replicate"": 30, ""reference"": 1, ""other"": 7}]",7.030981220658963e-05,True
checkerboard,causal_hidden_nodes,neat_reference - neat_complexify_no_penalty,neat_complexify_no_penalty,30,-6.166666666666667,-6.5,-7.0,-5.0,2.1278920254287983e-06,1,"[{""replicate"": 1, ""reference"": 1, ""other"": 10}, {""replicate"": 2, ""reference"": 2, ""other"": 13}, {""replicate"": 3, ""reference"": 1, ""other"": 8}, {""replicate"": 4, ""reference"": 5, ""other"": 8}, {""replicate"": 5, ""reference"": 3, ""other"": 7}, {""replicate"": 6, ""reference"": 4, ""other"": 6}, {""replicate"": 7, ""reference"": 1, ""other"": 10}, {""replicate"": 8, ""reference"": 2, ""other"": 4}, {""replicate"": 9, ""reference"": 2, ""other"": 14}, {""replicate"": 10, ""reference"": 1, ""other"": 8}, {""replicate"": 11, ""reference"": 2, ""other"": 9}, {""replicate"": 12, ""reference"": 2, ""other"": 7}, {""replicate"": 13, ""reference"": 4, ""other"": 4}, {""replicate"": 14, ""reference"": 1, ""other"": 6}, {""replicate"": 15, ""reference"": 1, ""other"": 6}, {""replicate"": 16, ""reference"": 1, ""other"": 6}, {""replicate"": 17, ""reference"": 2, ""other"": 14}, {""replicate"": 18, ""reference"": 1, ""other"": 12}, {""replicate"": 19, ""reference"": 2, ""other"": 11}, {""replicate"": 20, ""reference"": 1, ""other"": 8}, {""replicate"": 21, ""reference"": 4, ""other"": 3}, {""replicate"": 22, ""reference"": 2, ""other"": 6}, {""replicate"": 23, ""reference"": 3, ""other"": 8}, {""replicate"": 24, ""reference"": 1, ""other"": 3}, {""replicate"": 25, ""reference"": 3, ""other"": 9}, {""replicate"": 26, ""reference"": 1, ""other"": 9}, {""replicate"": 27, ""reference"": 2, ""other"": 7}, {""replicate"": 28, ""reference"": 2, ""other"": 12}, {""replicate"": 29, ""reference"": 4, ""other"": 11}, {""replicate"": 30, ""reference"": 1, ""other"": 8}]",3.404627240686077e-05,True
checkerboard,causal_hidden_nodes,neat_reference - neat_no_speciation,neat_no_speciation,30,1.2333333333333334,1.0,0.0,1.0,3.3631391625465405e-05,19,"[{""replicate"": 1, ""reference"": 1, ""other"": 1}, {""replicate"": 2, ""reference"": 2, ""other"": 2}, {""replicate"": 3, ""reference"": 1, ""other"": 1}, {""replicate"": 4, ""reference"": 5, ""other"": 0}, {""replicate"": 5, ""reference"": 3, ""other"": 1}, {""replicate"": 6, ""reference"": 4, ""other"": 4}, {""replicate"": 7, ""reference"": 1, ""other"": 0}, {""replicate"": 8, ""reference"": 2, ""other"": 1}, {""replicate"": 9, ""reference"": 2, ""other"": 1}, {""replicate"": 10, ""reference"": 1, ""other"": 1}, {""replicate"": 11, ""reference"": 2, ""other"": 1}, {""replicate"": 12, ""reference"": 2, ""other"": 0}, {""replicate"": 13, ""reference"": 4, ""other"": 1}, {""replicate"": 14, ""reference"": 1, ""other"": 1}, {""replicate"": 15, ""reference"": 1, ""other"": 0}, {""replicate"": 16, ""reference"": 1, ""other"": 1}, {""replicate"": 17, ""reference"": 2, ""other"": 0}, {""replicate"": 18, ""reference"": 1, ""other"": 1}, {""replicate"": 19, ""reference"": 2, ""other"": 1}, {""replicate"": 20, ""reference"": 1, ""other"": 1}, {""replicate"": 21, ""reference"": 4, ""other"": 1}, {""replicate"": 22, ""reference"": 2, ""other"": 1}, {""replicate"": 23, ""reference"": 3, ""other"": 0}, {""replicate"": 24, ""reference"": 1, ""other"": 1}, {""replicate"": 25, ""reference"": 3, ""other"": 0}, {""replicate"": 26, ""reference"": 1, ""other"": 1}, {""replicate"": 27, ""reference"": 2, ""other"": 1}, {""replicate"": 28, ""reference"": 2, ""other"": 1}, {""replicate"": 29, ""reference"": 4, ""other"": 0}, {""replicate"": 30, ""reference"": 1, ""other"": 0}]",0.00033631391625465405,True
checkerboard,causal_hidden_nodes,neat_reference - neat_no_crossover,neat_no_crossover,30,-0.13333333333333333,0.0,-1.0,0.0,0.5745941206867327,8,"[{""replicate"": 1, ""reference"": 1, ""other"": 2}, {""replicate"": 2, ""reference"": 2, ""other"": 2}, {""replicate"": 3, ""reference"": 1, ""other"": 2}, {""replicate"": 4, ""reference"": 5, ""other"": 1}, {""replicate"": 5, ""reference"": 3, ""other"": 2}, {""replicate"": 6, ""reference"": 4, ""other"": 4}, {""replicate"": 7, ""reference"": 1, ""other"": 3}, {""replicate"": 8, ""reference"": 2, ""other"": 2}, {""replicate"": 9, ""reference"": 2, ""other"": 1}, {""replicate"": 10, ""reference"": 1, ""other"": 1}, {""replicate"": 11, ""reference"": 2, ""other"": 3}, {""replicate"": 12, ""reference"": 2, ""other"": 2}, {""replicate"": 13, ""reference"": 4, ""other"": 3}, {""replicate"": 14, ""reference"": 1, ""other"": 1}, {""replicate"": 15, ""reference"": 1, ""other"": 6}, {""replicate"": 16, ""reference"": 1, ""other"": 2}, {""replicate"": 17, ""reference"": 2, ""other"": 2}, {""replicate"": 18, ""reference"": 1, ""other"": 1}, {""replicate"": 19, ""reference"": 2, ""other"": 5}, {""replicate"": 20, ""reference"": 1, ""other"": 2}, {""replicate"": 21, ""reference"": 4, ""other"": 1}, {""replicate"": 22, ""reference"": 2, ""other"": 2}, {""replicate"": 23, ""reference"": 3, ""other"": 1}, {""replicate"": 24, ""reference"": 1, ""other"": 2}, {""replicate"": 25, ""reference"": 3, ""other"": 5}, {""replicate"": 26, ""reference"": 1, ""other"": 1}, {""replicate"": 27, ""reference"": 2, ""other"": 1}, {""replicate"": 28, ""reference"": 2, ""other"": 2}, {""replicate"": 29, ""reference"": 4, ""other"": 1}, {""replicate"": 30, ""reference"": 1, ""other"": 3}]",1.0,False
checkerboard,causal_hidden_nodes,neat_reference - neat_deep_narrow,neat_deep_narrow,30,-2.066666666666667,-1.0,-2.5,0.0,0.04540847182422765,8,"[{""replicate"": 1, ""reference"": 1, ""other"": 3}, {""replicate"": 2, ""reference"": 2, ""other"": 4}, {""replicate"": 3, ""reference"": 1, ""other"": 2}, {""replicate"": 4, ""reference"": 5, ""other"": 0}, {""replicate"": 5, ""reference"": 3, ""other"": 2}, {""replicate"": 6, ""reference"": 4, ""other"": 7}, {""replicate"": 7, ""reference"": 1, ""other"": 5}, {""replicate"": 8, ""reference"": 2, ""other"": 3}, {""replicate"": 9, ""reference"": 2, ""other"": 3}, {""replicate"": 10, ""reference"": 1, ""other"": 4}, {""replicate"": 11, ""reference"": 2, ""other"": 11}, {""replicate"": 12, ""reference"": 2, ""other"": 8}, {""replicate"": 13, ""reference"": 4, ""other"": 0}, {""replicate"": 14, ""reference"": 1, ""other"": 20}, {""replicate"": 15, ""reference"": 1, ""other"": 14}, {""replicate"": 16, ""reference"": 1, ""other"": 1}, {""replicate"": 17, ""reference"": 2, ""other"": 6}, {""replicate"": 18, ""reference"": 1, ""other"": 2}, {""replicate"": 19, ""reference"": 2, ""other"": 3}, {""replicate"": 20, ""reference"": 1, ""other"": 7}, {""replicate"": 21, ""reference"": 4, ""other"": 2}, {""replicate"": 22, ""reference"": 2, ""other"": 2}, {""replicate"": 23, ""reference"": 3, ""other"": 1}, {""replicate"": 24, ""reference"": 1, ""other"": 1}, {""replicate"": 25, ""reference"": 3, ""other"": 0}, {""replicate"": 26, ""reference"": 1, ""other"": 1}, {""replicate"": 27, ""reference"": 2, ""other"": 2}, {""replicate"": 28, ""reference"": 2, ""other"": 1}, {""replicate"": 29, ""reference"": 4, ""other"": 2}, {""replicate"": 30, ""reference"": 1, ""other"": 7}]",0.3632677745938212,False
checkerboard,causal_hidden_nodes,neat_reference - fixed_mixed_matched,fixed_mixed_matched,30,-62.93333333333333,-63.0,-64.0,-63.0,1.285110955125382e-06,0,"[{""replicate"": 1, ""reference"": 1, ""other"": 65}, {""replicate"": 2, ""reference"": 2, ""other"": 65}, {""replicate"": 3, ""reference"": 1, ""other"": 65}, {""replicate"": 4, ""reference"": 5, ""other"": 65}, {""replicate"": 5, ""reference"": 3, ""other"": 65}, {""replicate"": 6, ""reference"": 4, ""other"": 65}, {""replicate"": 7, ""reference"": 1, ""other"": 65}, {""replicate"": 8, ""reference"": 2, ""other"": 65}, {""replicate"": 9, ""reference"": 2, ""other"": 65}, {""replicate"": 10, ""reference"": 1, ""other"": 65}, {""replicate"": 11, ""reference"": 2, ""other"": 65}, {""replicate"": 12, ""reference"": 2, ""other"": 65}, {""replicate"": 13, ""reference"": 4, ""other"": 65}, {""replicate"": 14, ""reference"": 1, ""other"": 65}, {""replicate"": 15, ""reference"": 1, ""other"": 65}, {""replicate"": 16, ""reference"": 1, ""other"": 65}, {""replicate"": 17, ""reference"": 2, ""other"": 65}, {""replicate"": 18, ""reference"": 1, ""other"": 65}, {""replicate"": 19, ""reference"": 2, ""other"": 65}, {""replicate"": 20, ""reference"": 1, ""other"": 65}, {""replicate"": 21, ""reference"": 4, ""other"": 65}, {""replicate"": 22, ""reference"": 2, ""other"": 65}, {""replicate"": 23, ""reference"": 3, ""other"": 65}, {""replicate"": 24, ""reference"": 1, ""other"": 65}, {""replicate"": 25, ""reference"": 3, ""other"": 65}, {""replicate"": 26, ""reference"": 1, ""other"": 65}, {""replicate"": 27, ""reference"": 2, ""other"": 65}, {""replicate"": 28, ""reference"": 2, ""other"": 65}, {""replicate"": 29, ""reference"": 4, ""other"": 65}, {""replicate"": 30, ""reference"": 1, ""other"": 65}]",2.570221910250764e-05,True
spiral3,causal_hidden_nodes,neat_reference - neat_complexify,neat_complexify,30,-0.2,0.0,-1.0,1.0,0.7778308636943727,12,"[{""replicate"": 1, ""reference"": 1, ""other"": 3}, {""replicate"": 2, ""reference"": 1, ""other"": 2}, {""replicate"": 3, ""reference"": 3, ""other"": 1}, {""replicate"": 4, ""reference"": 2, ""other"": 1}, {""replicate"": 5, ""reference"": 3, ""other"": 1}, {""replicate"": 6, ""reference"": 1, ""other"": 0}, {""replicate"": 7, ""reference"": 0, ""other"": 1}, {""replicate"": 8, ""reference"": 1, ""other"": 5}, {""replicate"": 9, ""reference"": 1, ""other"": 6}, {""replicate"": 10, ""reference"": 2, ""other"": 3}, {""replicate"": 11, ""reference"": 1, ""other"": 1}, {""replicate"": 12, ""reference"": 1, ""other"": 2}, {""replicate"": 13, ""reference"": 1, ""other"": 1}, {""replicate"": 14, ""reference"": 0, ""other"": 0}, {""replicate"": 15, ""reference"": 4, ""other"": 1}, {""replicate"": 16, ""reference"": 2, ""other"": 2}, {""replicate"": 17, ""reference"": 1, ""other"": 2}, {""replicate"": 18, ""reference"": 2, ""other"": 1}, {""replicate"": 19, ""reference"": 2, ""other"": 1}, {""replicate"": 20, ""reference"": 1, ""other"": 1}, {""replicate"": 21, ""reference"": 4, ""other"": 5}, {""replicate"": 22, ""reference"": 0, ""other"": 1}, {""replicate"": 23, ""reference"": 1, ""other"": 0}, {""replicate"": 24, ""reference"": 1, ""other"": 2}, {""replicate"": 25, ""reference"": 1, ""other"": 5}, {""replicate"": 26, ""reference"": 4, ""other"": 1}, {""replicate"": 27, ""reference"": 1, ""other"": 0}, {""replicate"": 28, ""reference"": 4, ""other"": 1}, {""replicate"": 29, ""reference"": 1, ""other"": 4}, {""replicate"": 30, ""reference"": 1, ""other"": 0}]",1.0,False
spiral3,causal_hidden_nodes,neat_reference - neat_no_penalty,neat_no_penalty,30,-2.3666666666666667,-2.0,-3.0,-1.5,8.547421029417232e-06,2,"[{""replicate"": 1, ""reference"": 1, ""other"": 5}, {""replicate"": 2, ""reference"": 1, ""other"": 4}, {""replicate"": 3, ""reference"": 3, ""other"": 3}, {""replicate"": 4, ""reference"": 2, ""other"": 7}, {""replicate"": 5, ""reference"": 3, ""other"": 3}, {""replicate"": 6, ""reference"": 1, ""other"": 2}, {""replicate"": 7, ""reference"": 0, ""other"": 3}, {""replicate"": 8, ""reference"": 1, ""other"": 3}, {""replicate"": 9, ""reference"": 1, ""other"": 5}, {""replicate"": 10, ""reference"": 2, ""other"": 4}, {""replicate"": 11, ""reference"": 1, ""other"": 4}, {""replicate"": 12, ""reference"": 1, ""other"": 6}, {""replicate"": 13, ""reference"": 1, ""other"": 6}, {""replicate"": 14, ""reference"": 0, ""other"": 5}, {""replicate"": 15, ""reference"": 4, ""other"": 3}, {""replicate"": 16, ""reference"": 2, ""other"": 4}, {""replicate"": 17, ""reference"": 1, ""other"": 3}, {""replicate"": 18, ""reference"": 2, ""other"": 5}, {""replicate"": 19, ""reference"": 2, ""other"": 3}, {""replicate"": 20, ""reference"": 1, ""other"": 2}, {""replicate"": 21, ""reference"": 4, ""other"": 4}, {""replicate"": 22, ""reference"": 0, ""other"": 5}, {""replicate"": 23, ""reference"": 1, ""other"": 3}, {""replicate"": 24, ""reference"": 1, ""other"": 3}, {""replicate"": 25, ""reference"": 1, ""other"": 4}, {""replicate"": 26, ""reference"": 4, ""other"": 5}, {""replicate"": 27, ""reference"": 1, ""other"": 7}, {""replicate"": 28, ""reference"": 4, ""other"": 3}, {""replicate"": 29, ""reference"": 1, ""other"": 3}, {""replicate"": 30, ""reference"": 1, ""other"": 2}]",0.00011037747516523172,True
spiral3,causal_hidden_nodes,neat_reference - neat_complexify_no_penalty,neat_complexify_no_penalty,30,-5.9,-6.0,-7.0,-4.0,1.7622515152830086e-06,0,"[{""replicate"": 1, ""reference"": 1, ""other"": 7}, {""replicate"": 2, ""reference"": 1, ""other"": 10}, {""replicate"": 3, ""reference"": 3, ""other"": 4}, {""replicate"": 4, ""reference"": 2, ""other"": 7}, {""replicate"": 5, ""reference"": 3, ""other"": 6}, {""replicate"": 6, ""reference"": 1, ""other"": 5}, {""replicate"": 7, ""reference"": 0, ""other"": 11}, {""replicate"": 8, ""reference"": 1, ""other"": 8}, {""replicate"": 9, ""reference"": 1, ""other"": 10}, {""replicate"": 10, ""reference"": 2, ""other"": 5}, {""replicate"": 11, ""reference"": 1, ""other"": 5}, {""replicate"": 12, ""reference"": 1, ""other"": 8}, {""replicate"": 13, ""reference"": 1, ""other"": 4}, {""replicate"": 14, ""reference"": 0, ""other"": 8}, {""replicate"": 15, ""reference"": 4, ""other"": 6}, {""replicate"": 16, ""reference"": 2, ""other"": 13}, {""replicate"": 17, ""reference"": 1, ""other"": 12}, {""replicate"": 18, ""reference"": 2, ""other"": 9}, {""replicate"": 19, ""reference"": 2, ""other"": 8}, {""replicate"": 20, ""reference"": 1, ""other"": 1}, {""replicate"": 21, ""reference"": 4, ""other"": 6}, {""replicate"": 22, ""reference"": 0, ""other"": 7}, {""replicate"": 23, ""reference"": 1, ""other"": 7}, {""replicate"": 24, ""reference"": 1, ""other"": 4}, {""replicate"": 25, ""reference"": 1, ""other"": 6}, {""replicate"": 26, ""reference"": 4, ""other"": 13}, {""replicate"": 27, ""reference"": 1, ""other"": 4}, {""replicate"": 28, ""reference"": 4, ""other"": 11}, {""replicate"": 29, ""reference"": 1, ""other"": 9}, {""replicate"": 30, ""reference"": 1, ""other"": 11}]",2.9958275759811145e-05,True
spiral3,causal_hidden_nodes,neat_reference - neat_no_speciation,neat_no_speciation,30,1.1333333333333333,1.0,0.0,1.5,0.00031968538195204757,19,"[{""replicate"": 1, ""reference"": 1, ""other"": 1}, {""replicate"": 2, ""reference"": 1, ""other"": 0}, {""replicate"": 3, ""reference"": 3, ""other"": 0}, {""replicate"": 4, ""reference"": 2, ""other"": 1}, {""replicate"": 5, ""reference"": 3, ""other"": 0}, {""replicate"": 6, ""reference"": 1, ""other"": 1}, {""replicate"": 7, ""reference"": 0, ""other"": 1}, {""replicate"": 8, ""reference"": 1, ""other"": 0}, {""replicate"": 9, ""reference"": 1, ""other"": 1}, {""replicate"": 10, ""reference"": 2, ""other"": 0}, {""replicate"": 11, ""reference"": 1, ""other"": 1}, {""replicate"": 12, ""reference"": 1, ""other"": 1}, {""replicate"": 13, ""reference"": 1, ""other"": 1}, {""replicate"": 14, ""reference"": 0, ""other"": 0}, {""replicate"": 15, ""reference"": 4, ""other"": 1}, {""replicate"": 16, ""reference"": 2, ""other"": 0}, {""replicate"": 17, ""reference"": 1, ""other"": 0}, {""replicate"": 18, ""reference"": 2, ""other"": 0}, {""replicate"": 19, ""reference"": 2, ""other"": 0}, {""replicate"": 20, ""reference"": 1, ""other"": 0}, {""replicate"": 21, ""reference"": 4, ""other"": 0}, {""replicate"": 22, ""reference"": 0, ""other"": 2}, {""replicate"": 23, ""reference"": 1, ""other"": 1}, {""replicate"": 24, ""reference"": 1, ""other"": 0}, {""replicate"": 25, ""reference"": 1, ""other"": 0}, {""replicate"": 26, ""reference"": 4, ""other"": 1}, {""replicate"": 27, ""reference"": 1, ""other"": 1}, {""replicate"": 28, ""reference"": 4, ""other"": 0}, {""replicate"": 29, ""reference"": 1, ""other"": 0}, {""replicate"": 30, ""reference"": 1, ""other"": 0}]",0.002877168437568428,True
spiral3,causal_hidden_nodes,neat_reference - neat_no_crossover,neat_no_crossover,30,0.26666666666666666,0.0,0.0,0.5,0.3204404444428548,10,"[{""replicate"": 1, ""reference"": 1, ""other"": 1}, {""replicate"": 2, ""reference"": 1, ""other"": 1}, {""replicate"": 3, ""reference"": 3, ""other"": 1}, {""replicate"": 4, ""reference"": 2, ""other"": 2}, {""replicate"": 5, ""reference"": 3, ""other"": 3}, {""replicate"": 6, ""reference"": 1, ""other"": 1}, {""replicate"": 7, ""reference"": 0, ""other"": 1}, {""replicate"": 8, ""reference"": 1, ""other"": 2}, {""replicate"": 9, ""reference"": 1, ""other"": 1}, {""replicate"": 10, ""reference"": 2, ""other"": 0}, {""replicate"": 11, ""reference"": 1, ""other"": 0}, {""replicate"": 12, ""reference"": 1, ""other"": 0}, {""replicate"": 13, ""reference"": 1, ""other"": 1}, {""replicate"": 14, ""reference"": 0, ""other"": 1}, {""replicate"": 15, ""reference"": 4, ""other"": 3}, {""replicate"": 16, ""reference"": 2, ""other"": 3}, {""replicate"": 17, ""reference"": 1, ""other"": 0}, {""replicate"": 18, ""reference"": 2, ""other"": 1}, {""replicate"": 19, ""reference"": 2, ""other"": 2}, {""replicate"": 20, ""reference"": 1, ""other"": 1}, {""replicate"": 21, ""reference"": 4, ""other"": 0}, {""replicate"": 22, ""reference"": 0, ""other"": 0}, {""replicate"": 23, ""reference"": 1, ""other"": 0}, {""replicate"": 24, ""reference"": 1, ""other"": 1}, {""replicate"": 25, ""reference"": 1, ""other"": 3}, {""replicate"": 26, ""reference"": 4, ""other"": 1}, {""replicate"": 27, ""reference"": 1, ""other"": 4}, {""replicate"": 28, ""reference"": 4, ""other"": 4}, {""replicate"": 29, ""reference"": 1, ""other"": 1}, {""replicate"": 30, ""reference"": 1, ""other"": 1}]",1.0,False
spiral3,causal_hidden_nodes,neat_reference - neat_deep_narrow,neat_deep_narrow,30,0.16666666666666666,0.0,-1.0,1.0,0.6841370616783089,13,"[{""replicate"": 1, ""reference"": 1, ""other"": 1}, {""replicate"": 2, ""reference"": 1, ""other"": 2}, {""replicate"": 3, ""reference"": 3, ""other"": 0}, {""replicate"": 4, ""reference"": 2, ""other"": 1}, {""replicate"": 5, ""reference"": 3, ""other"": 2}, {""replicate"": 6, ""reference"": 1, ""other"": 3}, {""replicate"": 7, ""reference"": 0, ""other"": 1}, {""replicate"": 8, ""reference"": 1, ""other"": 0}, {""replicate"": 9, ""reference"": 1, ""other"": 1}, {""replicate"": 10, ""reference"": 2, ""other"": 1}, {""replicate"": 11, ""reference"": 1, ""other"": 2}, {""replicate"": 12, ""reference"": 1, ""other"": 3}, {""replicate"": 13, ""reference"": 1, ""other"": 2}, {""replicate"": 14, ""reference"": 0, ""other"": 0}, {""replicate"": 15, ""reference"": 4, ""other"": 1}, {""replicate"": 16, ""reference"": 2, ""other"": 3}, {""replicate"": 17, ""reference"": 1, ""other"": 1}, {""replicate"": 18, ""reference"": 2, ""other"": 0}, {""replicate"": 19, ""reference"": 2, ""other"": 1}, {""replicate"": 20, ""reference"": 1, ""other"": 3}, {""replicate"": 21, ""reference"": 4, ""other"": 1}, {""replicate"": 22, ""reference"": 0, ""other"": 1}, {""replicate"": 23, ""reference"": 1, ""other"": 0}, {""replicate"": 24, ""reference"": 1, ""other"": 3}, {""replicate"": 25, ""reference"": 1, ""other"": 1}, {""replicate"": 26, ""reference"": 4, ""other"": 2}, {""replicate"": 27, ""reference"": 1, ""other"": 2}, {""replicate"": 28, ""reference"": 4, ""other"": 1}, {""replicate"": 29, ""reference"": 1, ""other"": 4}, {""replicate"": 30, ""reference"": 1, ""other"": 0}]",1.0,False
spiral3,causal_hidden_nodes,neat_reference - fixed_mixed_matched,fixed_mixed_matched,30,-63.4,-64.0,-64.0,-63.0,1.0870146149411946e-06,0,"[{""replicate"": 1, ""reference"": 1, ""other"": 65}, {""replicate"": 2, ""reference"": 1, ""other"": 65}, {""replicate"": 3, ""reference"": 3, ""other"": 65}, {""replicate"": 4, ""reference"": 2, ""other"": 65}, {""replicate"": 5, ""reference"": 3, ""other"": 65}, {""replicate"": 6, ""reference"": 1, ""other"": 65}, {""replicate"": 7, ""reference"": 0, ""other"": 65}, {""replicate"": 8, ""reference"": 1, ""other"": 65}, {""replicate"": 9, ""reference"": 1, ""other"": 65}, {""replicate"": 10, ""reference"": 2, ""other"": 65}, {""replicate"": 11, ""reference"": 1, ""other"": 65}, {""replicate"": 12, ""reference"": 1, ""other"": 65}, {""replicate"": 13, ""reference"": 1, ""other"": 65}, {""replicate"": 14, ""reference"": 0, ""other"": 65}, {""replicate"": 15, ""reference"": 4, ""other"": 65}, {""replicate"": 16, ""reference"": 2, ""other"": 65}, {""replicate"": 17, ""reference"": 1, ""other"": 65}, {""replicate"": 18, ""reference"": 2, ""other"": 65}, {""replicate"": 19, ""reference"": 2, ""other"": 65}, {""replicate"": 20, ""reference"": 1, ""other"": 65}, {""replicate"": 21, ""reference"": 4, ""other"": 65}, {""replicate"": 22, ""reference"": 0, ""other"": 65}, {""replicate"": 23, ""reference"": 1, ""other"": 65}, {""replicate"": 24, ""reference"": 1, ""other"": 65}, {""replicate"": 25, ""reference"": 1, ""other"": 65}, {""replicate"": 26, ""reference"": 4, ""other"": 65}, {""replicate"": 27, ""reference"": 1, ""other"": 65}, {""replicate"": 28, ""reference"": 4, ""other"": 65}, {""replicate"": 29, ""reference"": 1, ""other"": 65}, {""replicate"": 30, ""reference"": 1, ""other"": 65}]",2.2827306913765087e-05,True
