task,metric,comparison,n_pairs,mean_difference,median_difference,ci95_low,ci95_high,wins,per_replicate
circle,validation_loss,backprop_neat - homogeneous_tanh,10,-0.1532045396391249,-0.14999552938018523,-0.18055633092629894,-0.12720133765714087,10,"[{""replicate"": 1, ""reference"": 0.030645426184143582, ""control"": 0.19951449781314262}, {""replicate"": 2, ""reference"": 0.06976782872607322, ""control"": 0.19257951318381586}, {""replicate"": 3, ""reference"": 0.06451919558815593, ""control"": 0.16438534147996653}, {""replicate"": 4, ""reference"": 0.028423120849217103, ""control"": 0.17460506097138154}, {""replicate"": 5, ""reference"": 0.0066632301054619725, ""control"": 0.23377563713491717}, {""replicate"": 6, ""reference"": 0.026410610374672974, ""control"": 0.17983598181284066}, {""replicate"": 7, ""reference"": 0.03828914956025367, ""control"": 0.2580066748215286}, {""replicate"": 8, ""reference"": 0.048201047482476736, ""control"": 0.1351406412446518}, {""replicate"": 9, ""reference"": 0.020105388609006666, ""control"": 0.1806613580862632}, {""replicate"": 10, ""reference"": 0.021699707038245065, ""control"": 0.16826539436044782}]"
circle,validation_loss,backprop_neat - evolution_only,10,-0.43667074642703163,-0.45435955957298335,-0.48995224491310163,-0.37997353277008206,10,"[{""replicate"": 1, ""reference"": 0.030645426184143582, ""control"": 0.45221282957913916}, {""replicate"": 2, ""reference"": 0.06976782872607322, ""control"": 0.6074814433920389}, {""replicate"": 3, ""reference"": 0.06451919558815593, ""control"": 0.4392159658983651}, {""replicate"": 4, ""reference"": 0.028423120849217103, ""control"": 0.2993098569258747}, {""replicate"": 5, ""reference"": 0.0066632301054619725, ""control"": 0.5327444339479824}, {""replicate"": 6, ""reference"": 0.026410610374672974, ""control"": 0.5695400934498462}, {""replicate"": 7, ""reference"": 0.03828914956025367, ""control"": 0.533546194422521}, {""replicate"": 8, ""reference"": 0.048201047482476736, ""control"": 0.4029449770677874}, {""replicate"": 9, ""reference"": 0.020105388609006666, ""control"": 0.3755849513152518}, {""replicate"": 10, ""reference"": 0.021699707038245065, ""control"": 0.5088514227892162}]"
circle,validation_loss,backprop_neat - random_search,10,-0.009626492586119228,-0.009191827435071444,-0.02096337966795597,0.0004901239816255496,6,"[{""replicate"": 1, ""reference"": 0.030645426184143582, ""control"": 0.026464636022774723}, {""replicate"": 2, ""reference"": 0.06976782872607322, ""control"": 0.06920922847959145}, {""replicate"": 3, ""reference"": 0.06451919558815593, ""control"": 0.04536073008150655}, {""replicate"": 4, ""reference"": 0.028423120849217103, ""control"": 0.024723572877851804}, {""replicate"": 5, ""reference"": 0.0066632301054619725, ""control"": 0.05370191302242394}, {""replicate"": 6, ""reference"": 0.026410610374672974, ""control"": 0.0359453185154959}, {""replicate"": 7, ""reference"": 0.03828914956025367, ""control"": 0.05945782076832744}, {""replicate"": 8, ""reference"": 0.048201047482476736, ""control"": 0.0570499942117967}, {""replicate"": 9, ""reference"": 0.020105388609006666, ""control"": 0.03411290159222581}, {""replicate"": 10, ""reference"": 0.021699707038245065, ""control"": 0.04496351480690487}]"
circle,validation_loss,backprop_neat - fixed_mlp,10,-0.039621987886782076,-0.04344308044843729,-0.052101685178094166,-0.02733489742888676,10,"[{""replicate"": 1, ""reference"": 0.030645426184143582, ""control"": 0.04496302080504}, {""replicate"": 2, ""reference"": 0.06976782872607322, ""control"": 0.08479848998024045}, {""replicate"": 3, ""reference"": 0.06451919558815593, ""control"": 0.0836623599413476}, {""replicate"": 4, ""reference"": 0.028423120849217103, ""control"": 0.08038424899625386}, {""replicate"": 5, ""reference"": 0.0066632301054619725, ""control"": 0.06644045688296604}, {""replicate"": 6, ""reference"": 0.026410610374672974, ""control"": 0.07847209533209065}, {""replicate"": 7, ""reference"": 0.03828914956025367, ""control"": 0.10208800245264124}, {""replicate"": 8, ""reference"": 0.048201047482476736, ""control"": 0.06832311525996666}, {""replicate"": 9, ""reference"": 0.020105388609006666, ""control"": 0.055030421358844485}, {""replicate"": 10, ""reference"": 0.021699707038245065, ""control"": 0.08678237237613672}]"
circle,validation_loss,backprop_neat - logistic,10,-0.6539659723349623,-0.6585213547874473,-0.6665914301472484,-0.6407795984803214,10,"[{""replicate"": 1, ""reference"": 0.030645426184143582, ""control"": 0.6821732376215891}, {""replicate"": 2, ""reference"": 0.06976782872607322, ""control"": 0.6918443152184353}, {""replicate"": 3, ""reference"": 0.06451919558815593, ""control"": 0.6885322103714241}, {""replicate"": 4, ""reference"": 0.028423120849217103, ""control"": 0.6939380189866661}, {""replicate"": 5, ""reference"": 0.0066632301054619725, ""control"": 0.6894014763259401}, {""replicate"": 6, ""reference"": 0.026410610374672974, ""control"": 0.6971732628975303}, {""replicate"": 7, ""reference"": 0.03828914956025367, ""control"": 0.6883299000230749}, {""replicate"": 8, ""reference"": 0.048201047482476736, ""control"": 0.6779878931381069}, {""replicate"": 9, ""reference"": 0.020105388609006666, ""control"": 0.6931218111406403}, {""replicate"": 10, ""reference"": 0.021699707038245065, ""control"": 0.6918823021439232}]"
spiral,validation_loss,backprop_neat - homogeneous_tanh,10,-0.1027639161494787,-0.10180033398284039,-0.1393675884563318,-0.06603694597629949,10,"[{""replicate"": 1, ""reference"": 0.46040050825879647, ""control"": 0.5444066576825408}, {""replicate"": 2, ""reference"": 0.3782790016112249, ""control"": 0.41619086399338784}, {""replicate"": 3, ""reference"": 0.4339252968655329, ""control"": 0.44527337662852745}, {""replicate"": 4, ""reference"": 0.4247062269024363, ""control"": 0.5719944078762224}, {""replicate"": 5, ""reference"": 0.38994015732776843, ""control"": 0.5413521346461839}, {""replicate"": 6, ""reference"": 0.38817167074883147, ""control"": 0.41870121501240914}, {""replicate"": 7, ""reference"": 0.290565269230394, ""control"": 0.4871743512033448}, {""replicate"": 8, ""reference"": 0.50400498532343, ""control"": 0.5955253819338402}, {""replicate"": 9, ""reference"": 0.43280663186116874, ""control"": 0.5977402492926432}, {""replicate"": 10, ""reference"": 0.4747859791153385, ""control"": 0.586866250470609}]"
spiral,validation_loss,backprop_neat - evolution_only,10,-0.22259778176422693,-0.22625679544686286,-0.27088842991440054,-0.17622465028489653,10,"[{""replicate"": 1, ""reference"": 0.46040050825879647, ""control"": 0.6062867130629604}, {""replicate"": 2, ""reference"": 0.3782790016112249, ""control"": 0.635334117657067}, {""replicate"": 3, ""reference"": 0.4339252968655329, ""control"": 0.6453369901925717}, {""replicate"": 4, ""reference"": 0.4247062269024363, ""control"": 0.6658081244691232}, {""replicate"": 5, ""reference"": 0.38994015732776843, ""control"": 0.6643640917419734}, {""replicate"": 6, ""reference"": 0.38817167074883147, ""control"": 0.6693322184708425}, {""replicate"": 7, ""reference"": 0.290565269230394, ""control"": 0.6655871431059961}, {""replicate"": 8, ""reference"": 0.50400498532343, ""control"": 0.6106100364491749}, {""replicate"": 9, ""reference"": 0.43280663186116874, ""control"": 0.6238126994122434}, {""replicate"": 10, ""reference"": 0.4747859791153385, ""control"": 0.6170914103252387}]"
spiral,validation_loss,backprop_neat - random_search,10,-0.13533926759583567,-0.13611869619132572,-0.18280722739782237,-0.08887858001836865,10,"[{""replicate"": 1, ""reference"": 0.46040050825879647, ""control"": 0.5733993373472481}, {""replicate"": 2, ""reference"": 0.3782790016112249, ""control"": 0.5573367627031192}, {""replicate"": 3, ""reference"": 0.4339252968655329, ""control"": 0.4598038764791032}, {""replicate"": 4, ""reference"": 0.4247062269024363, ""control"": 0.5974563660620356}, {""replicate"": 5, ""reference"": 0.38994015732776843, ""control"": 0.6026328250915874}, {""replicate"": 6, ""reference"": 0.38817167074883147, ""control"": 0.5474102340430312}, {""replicate"": 7, ""reference"": 0.290565269230394, ""control"": 0.5675058117560168}, {""replicate"": 8, ""reference"": 0.50400498532343, ""control"": 0.5702152923327728}, {""replicate"": 9, ""reference"": 0.43280663186116874, ""control"": 0.5440490614246979}, {""replicate"": 10, ""reference"": 0.4747859791153385, ""control"": 0.5111688359636665}]"
spiral,validation_loss,backprop_neat - fixed_mlp,10,-0.2202296131981955,-0.22491884452728406,-0.25854946922662675,-0.18403375060118263,10,"[{""replicate"": 1, ""reference"": 0.46040050825879647, ""control"": 0.6334538718303883}, {""replicate"": 2, ""reference"": 0.3782790016112249, ""control"": 0.6349755836656091}, {""replicate"": 3, ""reference"": 0.4339252968655329, ""control"": 0.6223323078243693}, {""replicate"": 4, ""reference"": 0.4247062269024363, ""control"": 0.6477997621746107}, {""replicate"": 5, ""reference"": 0.38994015732776843, ""control"": 0.6557350336701272}, {""replicate"": 6, ""reference"": 0.38817167074883147, ""control"": 0.6273176001510964}, {""replicate"": 7, ""reference"": 0.290565269230394, ""control"": 0.6352517061604304}, {""replicate"": 8, ""reference"": 0.50400498532343, ""control"": 0.6271388894305309}, {""replicate"": 9, ""reference"": 0.43280663186116874, ""control"": 0.6595507856435625}, {""replicate"": 10, ""reference"": 0.4747859791153385, ""control"": 0.6363263186761523}]"
spiral,validation_loss,backprop_neat - logistic,10,-0.24450937524270425,-0.23596936125551965,-0.28185815032502015,-0.21030454950888075,10,"[{""replicate"": 1, ""reference"": 0.46040050825879647, ""control"": 0.6626407322055534}, {""replicate"": 2, ""reference"": 0.3782790016112249, ""control"": 0.6622246333302533}, {""replicate"": 3, ""reference"": 0.4339252968655329, ""control"": 0.6582603731273493}, {""replicate"": 4, ""reference"": 0.4247062269024363, ""control"": 0.6640783747365328}, {""replicate"": 5, ""reference"": 0.38994015732776843, ""control"": 0.6636048753600218}, {""replicate"": 6, ""reference"": 0.38817167074883147, ""control"": 0.6635464793571534}, {""replicate"": 7, ""reference"": 0.290565269230394, ""control"": 0.662088283823048}, {""replicate"": 8, ""reference"": 0.50400498532343, ""control"": 0.6596940242408056}, {""replicate"": 9, ""reference"": 0.43280663186116874, ""control"": 0.6653732065381116}, {""replicate"": 10, ""reference"": 0.4747859791153385, ""control"": 0.6611684969531351}]"
xor,validation_loss,backprop_neat - homogeneous_tanh,10,-0.008813151836674393,-0.008741750162749085,-0.012043401616423692,-0.00574331565638326,10,"[{""replicate"": 1, ""reference"": 0.0013997673372536648, ""control"": 0.015273487839862755}, {""replicate"": 2, ""reference"": 7.956251180959785e-26, ""control"": 0.003743841781330641}, {""replicate"": 3, ""reference"": 3.216849375863333e-09, ""control"": 0.018993940012394458}, {""replicate"": 4, ""reference"": 0.012287293648312608, ""control"": 0.015322654876080113}, {""replicate"": 5, ""reference"": 7.008515798702989e-08, ""control"": 0.011755491888687799}, {""replicate"": 6, ""reference"": 9.915396520970827e-06, ""control"": 0.008655941889958295}, {""replicate"": 7, ""reference"": 4.832994449088801e-11, ""control"": 0.009589334656762706}, {""replicate"": 8, ""reference"": 0.0004644021587342531, ""control"": 0.009301875990795098}, {""replicate"": 9, ""reference"": 7.529976443353402e-16, ""control"": 0.0010918923325854274}, {""replicate"": 10, ""reference"": 1.1279109535244913e-07, ""control"": 0.00856462178054155}]"
xor,validation_loss,backprop_neat - evolution_only,10,-0.45581405170927675,-0.5504015769753268,-0.5777250007844814,-0.31105710415846305,10,"[{""replicate"": 1, ""reference"": 0.0013997673372536648, ""control"": 0.3570199964354458}, {""replicate"": 2, ""reference"": 7.956251180959785e-26, ""control"": 0.025554184738005647}, {""replicate"": 3, ""reference"": 3.216849375863333e-09, ""control"": 0.47756833590621567}, {""replicate"": 4, ""reference"": 0.012287293648312608, ""control"": 0.6728877556135501}, {""replicate"": 5, ""reference"": 7.008515798702989e-08, ""control"": 0.6428763532657499}, {""replicate"": 6, ""reference"": 9.915396520970827e-06, ""control"": 0.09469523691218992}, {""replicate"": 7, ""reference"": 4.832994449088801e-11, ""control"": 0.5852633706777202}, {""replicate"": 8, ""reference"": 0.0004644021587342531, ""control"": 0.5160041854799974}, {""replicate"": 9, ""reference"": 7.529976443353402e-16, ""control"": 0.6084124493476947}, {""replicate"": 10, ""reference"": 1.1279109535244913e-07, ""control"": 0.5920202133984533}]"
xor,validation_loss,backprop_neat - random_search,10,-0.02302695174662482,-0.015714896456251775,-0.03546492541304233,-0.012575151393458214,10,"[{""replicate"": 1, ""reference"": 0.0013997673372536648, ""control"": 0.013577193564932389}, {""replicate"": 2, ""reference"": 7.956251180959785e-26, ""control"": 0.006208477829672914}, {""replicate"": 3, ""reference"": 3.216849375863333e-09, ""control"": 0.02292422449464193}, {""replicate"": 4, ""reference"": 0.012287293648312608, ""control"": 0.07552832499511761}, {""replicate"": 5, ""reference"": 7.008515798702989e-08, ""control"": 0.03106595884527662}, {""replicate"": 6, ""reference"": 9.915396520970827e-06, ""control"": 0.00486639459309522}, {""replicate"": 7, ""reference"": 4.832994449088801e-11, ""control"": 0.017543678456128843}, {""replicate"": 8, ""reference"": 0.0004644021587342531, ""control"": 0.014350516663438905}, {""replicate"": 9, ""reference"": 7.529976443353402e-16, ""control"": 0.04882075076972964}, {""replicate"": 10, ""reference"": 1.1279109535244913e-07, ""control"": 0.009545561936469046}]"
xor,validation_loss,backprop_neat - fixed_mlp,10,-0.03241870292992553,-0.03222489434976072,-0.04056624039698363,-0.02419527189393872,10,"[{""replicate"": 1, ""reference"": 0.0013997673372536648, ""control"": 0.027880695999523888}, {""replicate"": 2, ""reference"": 7.956251180959785e-26, ""control"": 0.03244565403611245}, {""replicate"": 3, ""reference"": 3.216849375863333e-09, ""control"": 0.04100462936236259}, {""replicate"": 4, ""reference"": 0.012287293648312608, ""control"": 0.022275791738335365}, {""replicate"": 5, ""reference"": 7.008515798702989e-08, ""control"": 0.044523950893060264}, {""replicate"": 6, ""reference"": 9.915396520970827e-06, ""control"": 0.05649420212839416}, {""replicate"": 7, ""reference"": 4.832994449088801e-11, ""control"": 0.03200413471173893}, {""replicate"": 8, ""reference"": 0.0004644021587342531, ""control"": 0.03753752259372487}, {""replicate"": 9, ""reference"": 7.529976443353402e-16, ""control"": 0.013613698662398404}, {""replicate"": 10, ""reference"": 1.1279109535244913e-07, ""control"": 0.030568313855859387}]"
xor,validation_loss,backprop_neat - logistic,10,-0.6897046050355945,-0.6893886528347806,-0.6957111579852856,-0.6843261850479878,10,"[{""replicate"": 1, ""reference"": 0.0013997673372536648, ""control"": 0.6919048476566193}, {""replicate"": 2, ""reference"": 7.956251180959785e-26, ""control"": 0.6862174942420941}, {""replicate"": 3, ""reference"": 3.216849375863333e-09, ""control"": 0.6922778571067476}, {""replicate"": 4, ""reference"": 0.012287293648312608, ""control"": 0.68995527684114}, {""replicate"": 5, ""reference"": 7.008515798702989e-08, ""control"": 0.6918437230047687}, {""replicate"": 6, ""reference"": 9.915396520970827e-06, ""control"": 0.687053947532948}, {""replicate"": 7, ""reference"": 4.832994449088801e-11, ""control"": 0.7113260271900469}, {""replicate"": 8, ""reference"": 0.0004644021587342531, ""control"": 0.6772393220577344}, {""replicate"": 9, ""reference"": 7.529976443353402e-16, ""control"": 0.6951167812648109}, {""replicate"": 10, ""reference"": 1.1279109535244913e-07, ""control"": 0.6882723381412907}]"
circle,test_loss,backprop_neat - homogeneous_tanh,10,-0.11728579264332595,-0.13916821645304062,-0.16758372633684349,-0.06001635920189321,9,"[{""replicate"": 1, ""reference"": 0.037749593609637755, ""control"": 0.19000969589852432}, {""replicate"": 2, ""reference"": 0.08252273523189019, ""control"": 0.24422131819004378}, {""replicate"": 3, ""reference"": 0.05808514982714168, ""control"": 0.1925396323157561}, {""replicate"": 4, ""reference"": 0.030657047222985397, ""control"": 0.16558124638952873}, {""replicate"": 5, ""reference"": 0.33485082076874795, ""control"": 0.2601331376171936}, {""replicate"": 6, ""reference"": 0.0392812573673221, ""control"": 0.18269349110686}, {""replicate"": 7, ""reference"": 0.03526885426034491, ""control"": 0.2947492514121956}, {""replicate"": 8, ""reference"": 0.049081254894662335, ""control"": 0.0896561614592455}, {""replicate"": 9, ""reference"": 0.023371887461876243, ""control"": 0.200282774036011}, {""replicate"": 10, ""reference"": 0.12328882126980893, ""control"": 0.1671486399223184}]"
circle,test_loss,backprop_neat - evolution_only,10,-0.409579544690469,-0.4062707706402055,-0.4716363860965942,-0.34501126553718464,10,"[{""replicate"": 1, ""reference"": 0.037749593609637755, ""control"": 0.46995486872961145}, {""replicate"": 2, ""reference"": 0.08252273523189019, ""control"": 0.602902476145096}, {""replicate"": 3, ""reference"": 0.05808514982714168, ""control"": 0.3975240533347268}, {""replicate"": 4, ""reference"": 0.030657047222985397, ""control"": 0.32216701314355417}, {""replicate"": 5, ""reference"": 0.33485082076874795, ""control"": 0.5546279443025577}, {""replicate"": 6, ""reference"": 0.0392812573673221, ""control"": 0.5853867091862177}, {""replicate"": 7, ""reference"": 0.03526885426034491, ""control"": 0.5494556417471271}, {""replicate"": 8, ""reference"": 0.049081254894662335, ""control"": 0.5289632827513424}, {""replicate"": 9, ""reference"": 0.023371887461876243, ""control"": 0.40370815362231355}, {""replicate"": 10, ""reference"": 0.12328882126980893, ""control"": 0.49526272585656067}]"
circle,test_loss,backprop_neat - random_search,10,0.03698223740083967,0.003624568859247364,-0.001963161993606698,0.09481037226592873,3,"[{""replicate"": 1, ""reference"": 0.037749593609637755, ""control"": 0.03518917906060656}, {""replicate"": 2, ""reference"": 0.08252273523189019, ""control"": 0.053474463164602554}, {""replicate"": 3, ""reference"": 0.05808514982714168, ""control"": 0.04553072985804678}, {""replicate"": 4, ""reference"": 0.030657047222985397, ""control"": 0.02596832405352186}, {""replicate"": 5, ""reference"": 0.33485082076874795, ""control"": 0.06854096713612204}, {""replicate"": 6, ""reference"": 0.0392812573673221, ""control"": 0.054301400621533914}, {""replicate"": 7, ""reference"": 0.03526885426034491, ""control"": 0.05005913704656125}, {""replicate"": 8, ""reference"": 0.049081254894662335, ""control"": 0.046545427761246455}, {""replicate"": 9, ""reference"": 0.023371887461876243, ""control"": 0.03447665695328505}, {""replicate"": 10, ""reference"": 0.12328882126980893, ""control"": 0.030248762250494363}]"
circle,test_loss,backprop_neat - fixed_mlp,10,-0.0029785695593241555,-0.03567002145231793,-0.04792110527087034,0.06219157578218227,8,"[{""replicate"": 1, ""reference"": 0.037749593609637755, ""control"": 0.07892140949767562}, {""replicate"": 2, ""reference"": 0.08252273523189019, ""control"": 0.08278773384898393}, {""replicate"": 3, ""reference"": 0.05808514982714168, ""control"": 0.08825337684373967}, {""replicate"": 4, ""reference"": 0.030657047222985397, ""control"": 0.08970027449261403}, {""replicate"": 5, ""reference"": 0.33485082076874795, ""control"": 0.08742058146435579}, {""replicate"": 6, ""reference"": 0.0392812573673221, ""control"": 0.08918510429138692}, {""replicate"": 7, ""reference"": 0.03526885426034491, ""control"": 0.10934097405314425}, {""replicate"": 8, ""reference"": 0.049081254894662335, ""control"": 0.07026005221286989}, {""replicate"": 9, ""reference"": 0.023371887461876243, ""control"": 0.08433782803671529}, {""replicate"": 10, ""reference"": 0.12328882126980893, ""control"": 0.0637357827661737}]"
circle,test_loss,backprop_neat - logistic,10,-0.6158971824147711,-0.65140106502957,-0.6574478868117277,-0.5534412534704689,10,"[{""replicate"": 1, ""reference"": 0.037749593609637755, ""control"": 0.685244518681083}, {""replicate"": 2, ""reference"": 0.08252273523189019, ""control"": 0.6927450666634933}, {""replicate"": 3, ""reference"": 0.05808514982714168, ""control"": 0.6986164548104492}, {""replicate"": 4, ""reference"": 0.030657047222985397, ""control"": 0.6951516645279443}, {""replicate"": 5, ""reference"": 0.33485082076874795, ""control"": 0.6916125669679763}, {""replicate"": 6, ""reference"": 0.0392812573673221, ""control"": 0.7009739980840041}, {""replicate"": 7, ""reference"": 0.03526885426034491, ""control"": 0.7088425666878868}, {""replicate"": 8, ""reference"": 0.049081254894662335, ""control"": 0.704388459882357}, {""replicate"": 9, ""reference"": 0.023371887461876243, ""control"": 0.691858447598155}, {""replicate"": 10, ""reference"": 0.12328882126980893, ""control"": 0.70369550215878}]"
spiral,test_loss,backprop_neat - homogeneous_tanh,10,-0.08839603890289803,-0.10598433832311185,-0.1438116149682511,-0.029989572211381873,8,"[{""replicate"": 1, ""reference"": 0.49874171789334554, ""control"": 0.5462321997357165}, {""replicate"": 2, ""reference"": 0.40840834235696577, ""control"": 0.4334554512524316}, {""replicate"": 3, ""reference"": 0.4777648817021275, ""control"": 0.3955432285017959}, {""replicate"": 4, ""reference"": 0.4267825880855422, ""control"": 0.5711517460032769}, {""replicate"": 5, ""reference"": 0.3866183626381637, ""control"": 0.5530076178065063}, {""replicate"": 6, ""reference"": 0.4646563693535505, ""control"": 0.4366881615757366}, {""replicate"": 7, ""reference"": 0.2921935251359393, ""control"": 0.48035399548504726}, {""replicate"": 8, ""reference"": 0.5553905491393161, ""control"": 0.6229900678678051}, {""replicate"": 9, ""reference"": 0.3563283726461702, ""control"": 0.5659689291141794}, {""replicate"": 10, ""reference"": 0.48303285044548205, ""control"": 0.6284865510830875}]"
spiral,test_loss,backprop_neat - evolution_only,10,-0.20781231769189015,-0.2210681843335904,-0.26171934628485244,-0.15296608267427297,10,"[{""replicate"": 1, ""reference"": 0.49874171789334554, ""control"": 0.6005258860506333}, {""replicate"": 2, ""reference"": 0.40840834235696577, ""control"": 0.6521534354916281}, {""replicate"": 3, ""reference"": 0.4777648817021275, ""control"": 0.6603700975819649}, {""replicate"": 4, ""reference"": 0.4267825880855422, ""control"": 0.6663892926623208}, {""replicate"": 5, ""reference"": 0.3866183626381637, ""control"": 0.6632556462180054}, {""replicate"": 6, ""reference"": 0.4646563693535505, ""control"": 0.6671860334439527}, {""replicate"": 7, ""reference"": 0.2921935251359393, ""control"": 0.6664923127105008}, {""replicate"": 8, ""reference"": 0.5553905491393161, ""control"": 0.6100809823956985}, {""replicate"": 9, ""reference"": 0.3563283726461702, ""control"": 0.6128540524296312}, {""replicate"": 10, ""reference"": 0.48303285044548205, ""control"": 0.6287329973311689}]"
spiral,test_loss,backprop_neat - random_search,10,-0.12629522783799968,-0.12137055865884047,-0.18115171210004902,-0.07695917627560127,10,"[{""replicate"": 1, ""reference"": 0.49874171789334554, ""control"": 0.5879836568765516}, {""replicate"": 2, ""reference"": 0.40840834235696577, ""control"": 0.5654852669653713}, {""replicate"": 3, ""reference"": 0.4777648817021275, ""control"": 0.5237177526447054}, {""replicate"": 4, ""reference"": 0.4267825880855422, ""control"": 0.5735221123529859}, {""replicate"": 5, ""reference"": 0.3866183626381637, ""control"": 0.5831194256987062}, {""replicate"": 6, ""reference"": 0.4646563693535505, ""control"": 0.5606579624037877}, {""replicate"": 7, ""reference"": 0.2921935251359393, ""control"": 0.5960355565087846}, {""replicate"": 8, ""reference"": 0.5553905491393161, ""control"": 0.5627984197380936}, {""replicate"": 9, ""reference"": 0.3563283726461702, ""control"": 0.5247983050328474}, {""replicate"": 10, ""reference"": 0.48303285044548205, ""control"": 0.5347513795547656}]"
spiral,test_loss,backprop_neat - fixed_mlp,10,-0.2104137455689327,-0.18960807006231115,-0.26193376010535335,-0.15724933272028602,10,"[{""replicate"": 1, ""reference"": 0.49874171789334554, ""control"": 0.6392241066667771}, {""replicate"": 2, ""reference"": 0.40840834235696577, ""control"": 0.693760768198411}, {""replicate"": 3, ""reference"": 0.4777648817021275, ""control"": 0.6379261930025337}, {""replicate"": 4, ""reference"": 0.4267825880855422, ""control"": 0.6301934452632866}, {""replicate"": 5, ""reference"": 0.3866183626381637, ""control"": 0.652229462243971}, {""replicate"": 6, ""reference"": 0.4646563693535505, ""control"": 0.633879337239571}, {""replicate"": 7, ""reference"": 0.2921935251359393, ""control"": 0.6370298807639706}, {""replicate"": 8, ""reference"": 0.5553905491393161, ""control"": 0.6104763082752114}, {""replicate"": 9, ""reference"": 0.3563283726461702, ""control"": 0.6604973800398369}, {""replicate"": 10, ""reference"": 0.48303285044548205, ""control"": 0.65883813339236}]"
spiral,test_loss,backprop_neat - logistic,10,-0.22842182917967607,-0.21810877069379195,-0.2752372213632347,-0.18390989987211406,10,"[{""replicate"": 1, ""reference"": 0.49874171789334554, ""control"": 0.6616377860380834}, {""replicate"": 2, ""reference"": 0.40840834235696577, ""control"": 0.6623782572355356}, {""replicate"": 3, ""reference"": 0.4777648817021275, ""control"": 0.6618720532179421}, {""replicate"": 4, ""reference"": 0.4267825880855422, ""control"": 0.6654666515378506}, {""replicate"": 5, ""reference"": 0.3866183626381637, ""control"": 0.6625651955332246}, {""replicate"": 6, ""reference"": 0.4646563693535505, ""control"": 0.662189847288826}, {""replicate"": 7, ""reference"": 0.2921935251359393, ""control"": 0.6630601726611041}, {""replicate"": 8, ""reference"": 0.5553905491393161, ""control"": 0.6615624023666662}, {""replicate"": 9, ""reference"": 0.3563283726461702, ""control"": 0.6641310715549718}, {""replicate"": 10, ""reference"": 0.48303285044548205, ""control"": 0.6692724137591592}]"
xor,test_loss,backprop_neat - homogeneous_tanh,10,0.15712291112499555,-0.009696341308034262,-0.016387715803256753,0.3980365714325691,7,"[{""replicate"": 1, ""reference"": 2.627103802946069e-10, ""control"": 0.02040366231517684}, {""replicate"": 2, ""reference"": 1.6013271061826923e-40, ""control"": 0.039111381497061365}, {""replicate"": 3, ""reference"": 0.6861797544815493, ""control"": 0.029405096095899617}, {""replicate"": 4, ""reference"": 0.02276112339275316, ""control"": 0.016719132465783385}, {""replicate"": 5, ""reference"": 6.831080527026031e-07, ""control"": 0.008811430069493933}, {""replicate"": 6, ""reference"": 9.33289012258546e-07, ""control"": 0.014900166632535104}, {""replicate"": 7, ""reference"": 2.130987646768989e-05, ""control"": 0.010603245531094985}, {""replicate"": 8, ""reference"": 7.809089669094334e-08, ""control"": 0.01537846036031149}, {""replicate"": 9, ""reference"": 1.1537781295677088, ""control"": 0.1287905161004224}, {""replicate"": 10, ""reference"": 1.860037988010418e-44, ""control"": 0.007389809751416462}]"
xor,test_loss,backprop_neat - evolution_only,10,-0.307231909974481,-0.45675625233173855,-0.5117570762660613,-0.06070073877727765,9,"[{""replicate"": 1, ""reference"": 2.627103802946069e-10, ""control"": 0.39188643684794316}, {""replicate"": 2, ""reference"": 1.6013271061826923e-40, ""control"": 0.028502948384705552}, {""replicate"": 3, ""reference"": 0.6861797544815493, ""control"": 0.7662640156694305}, {""replicate"": 4, ""reference"": 0.02276112339275316, ""control"": 0.6613345449660305}, {""replicate"": 5, ""reference"": 6.831080527026031e-07, ""control"": 0.6534122580241527}, {""replicate"": 6, ""reference"": 9.33289012258546e-07, ""control"": 0.0808994231248413}, {""replicate"": 7, ""reference"": 2.130987646768989e-05, ""control"": 0.6213996605171943}, {""replicate"": 8, ""reference"": 7.809089669094334e-08, ""control"": 0.5216261461691409}, {""replicate"": 9, ""reference"": 1.1537781295677088, ""control"": 0.6335363164991447}, {""replicate"": 10, ""reference"": 1.860037988010418e-44, ""control"": 0.5761993616113772}]"
xor,test_loss,backprop_neat - random_search,10,0.14923026855544,-0.010737481560386702,-0.03537978341785516,0.401527039810646,8,"[{""replicate"": 1, ""reference"": 2.627103802946069e-10, ""control"": 0.013482228160508179}, {""replicate"": 2, ""reference"": 1.6013271061826923e-40, ""control"": 0.007992735222975604}, {""replicate"": 3, ""reference"": 0.6861797544815493, ""control"": 0.05284657868809187}, {""replicate"": 4, ""reference"": 0.02276112339275316, ""control"": 0.1418368253514494}, {""replicate"": 5, ""reference"": 6.831080527026031e-07, ""control"": 0.03433311834742542}, {""replicate"": 6, ""reference"": 9.33289012258546e-07, ""control"": 0.002209020209987883}, {""replicate"": 7, ""reference"": 2.130987646768989e-05, ""control"": 0.016630172787983705}, {""replicate"": 8, ""reference"": 7.809089669094334e-08, ""control"": 0.019486348671272843}, {""replicate"": 9, ""reference"": 1.1537781295677088, ""control"": 0.07478296472469965}, {""replicate"": 10, ""reference"": 1.860037988010418e-44, ""control"": 0.0068393343503566455}]"
xor,test_loss,backprop_neat - fixed_mlp,10,0.1303091286039773,-0.03559095108803192,-0.049502132187562144,0.39485901958682507,8,"[{""replicate"": 1, ""reference"": 2.627103802946069e-10, ""control"": 0.05454706486164529}, {""replicate"": 2, ""reference"": 1.6013271061826923e-40, ""control"": 0.026019102346573866}, {""replicate"": 3, ""reference"": 0.6861797544815493, ""control"": 0.09223588610122474}, {""replicate"": 4, ""reference"": 0.02276112339275316, ""control"": 0.04744070936437894}, {""replicate"": 5, ""reference"": 6.831080527026031e-07, ""control"": 0.053225492424289964}, {""replicate"": 6, ""reference"": 9.33289012258546e-07, ""control"": 0.04018466855586514}, {""replicate"": 7, ""reference"": 2.130987646768989e-05, ""control"": 0.04793618294305729}, {""replicate"": 8, ""reference"": 7.809089669094334e-08, ""control"": 0.08614297090714913}, {""replicate"": 9, ""reference"": 1.1537781295677088, ""control"": 0.08092048161598285}, {""replicate"": 10, ""reference"": 1.860037988010418e-44, ""control"": 0.03099816690921096}]"
xor,test_loss,backprop_neat - logistic,10,-0.5136797813841851,-0.698165442467472,-0.7014919751179529,-0.25684982068287204,9,"[{""replicate"": 1, ""reference"": 2.627103802946069e-10, ""control"": 0.6911268997036362}, {""replicate"": 2, ""reference"": 1.6013271061826923e-40, ""control"": 0.7018133733491267}, {""replicate"": 3, ""reference"": 0.6861797544815493, ""control"": 0.691970437790408}, {""replicate"": 4, ""reference"": 0.02276112339275316, ""control"": 0.701703169375614}, {""replicate"": 5, ""reference"": 6.831080527026031e-07, ""control"": 0.6998712308210042}, {""replicate"": 6, ""reference"": 9.33289012258546e-07, ""control"": 0.7010230399285484}, {""replicate"": 7, ""reference"": 2.130987646768989e-05, ""control"": 0.7126853386929437}, {""replicate"": 8, ""reference"": 7.809089669094334e-08, ""control"": 0.6964604153128892}, {""replicate"": 9, ""reference"": 1.1537781295677088, ""control"": 0.6928397402240744}, {""replicate"": 10, ""reference"": 1.860037988010418e-44, ""control"": 0.7100461807127573}]"
circle,validation_accuracy,backprop_neat - homogeneous_tanh,10,0.044500000000000005,0.03250000000000003,0.02350000000000001,0.06899999999999999,9,"[{""replicate"": 1, ""reference"": 0.995, ""control"": 0.93}, {""replicate"": 2, ""reference"": 0.975, ""control"": 0.945}, {""replicate"": 3, ""reference"": 0.985, ""control"": 0.95}, {""replicate"": 4, ""reference"": 0.995, ""control"": 0.965}, {""replicate"": 5, ""reference"": 1.0, ""control"": 0.875}, {""replicate"": 6, ""reference"": 0.99, ""control"": 0.975}, {""replicate"": 7, ""reference"": 0.99, ""control"": 0.895}, {""replicate"": 8, ""reference"": 0.985, ""control"": 0.965}, {""replicate"": 9, ""reference"": 0.99, ""control"": 0.995}, {""replicate"": 10, ""reference"": 0.99, ""control"": 0.955}]"
circle,validation_accuracy,backprop_neat - evolution_only,10,0.19799999999999998,0.18749999999999994,0.14950000000000002,0.24799999999999994,10,"[{""replicate"": 1, ""reference"": 0.995, ""control"": 0.815}, {""replicate"": 2, ""reference"": 0.975, ""control"": 0.65}, {""replicate"": 3, ""reference"": 0.985, ""control"": 0.795}, {""replicate"": 4, ""reference"": 0.995, ""control"": 0.93}, {""replicate"": 5, ""reference"": 1.0, ""control"": 0.79}, {""replicate"": 6, ""reference"": 0.99, ""control"": 0.66}, {""replicate"": 7, ""reference"": 0.99, ""control"": 0.805}, {""replicate"": 8, ""reference"": 0.985, ""control"": 0.875}, {""replicate"": 9, ""reference"": 0.99, ""control"": 0.835}, {""replicate"": 10, ""reference"": 0.99, ""control"": 0.76}]"
circle,validation_accuracy,backprop_neat - random_search,10,0.0010000000000000009,0.0,-0.0040000000000000036,0.007000000000000006,2,"[{""replicate"": 1, ""reference"": 0.995, ""control"": 0.995}, {""replicate"": 2, ""reference"": 0.975, ""control"": 0.98}, {""replicate"": 3, ""reference"": 0.985, ""control"": 0.995}, {""replicate"": 4, ""reference"": 0.995, ""control"": 0.995}, {""replicate"": 5, ""reference"": 1.0, ""control"": 0.985}, {""replicate"": 6, ""reference"": 0.99, ""control"": 0.995}, {""replicate"": 7, ""reference"": 0.99, ""control"": 0.97}, {""replicate"": 8, ""reference"": 0.985, ""control"": 0.99}, {""replicate"": 9, ""reference"": 0.99, ""control"": 0.99}, {""replicate"": 10, ""reference"": 0.99, ""control"": 0.99}]"
circle,validation_accuracy,backprop_neat - fixed_mlp,10,0.004500000000000004,0.0050000000000000044,0.0,0.009000000000000008,6,"[{""replicate"": 1, ""reference"": 0.995, ""control"": 0.99}, {""replicate"": 2, ""reference"": 0.975, ""control"": 0.98}, {""replicate"": 3, ""reference"": 0.985, ""control"": 0.985}, {""replicate"": 4, ""reference"": 0.995, ""control"": 0.985}, {""replicate"": 5, ""reference"": 1.0, ""control"": 0.99}, {""replicate"": 6, ""reference"": 0.99, ""control"": 0.975}, {""replicate"": 7, ""reference"": 0.99, ""control"": 0.975}, {""replicate"": 8, ""reference"": 0.985, ""control"": 0.99}, {""replicate"": 9, ""reference"": 0.99, ""control"": 0.995}, {""replicate"": 10, ""reference"": 0.99, ""control"": 0.985}]"
circle,validation_accuracy,backprop_neat - logistic,10,0.45999999999999996,0.43749999999999994,0.4035,0.521,10,"[{""replicate"": 1, ""reference"": 0.995, ""control"": 0.595}, {""replicate"": 2, ""reference"": 0.975, ""control"": 0.43}, {""replicate"": 3, ""reference"": 0.985, ""control"": 0.595}, {""replicate"": 4, ""reference"": 0.995, ""control"": 0.56}, {""replicate"": 5, ""reference"": 1.0, ""control"": 0.5}, {""replicate"": 6, ""reference"": 0.99, ""control"": 0.55}, {""replicate"": 7, ""reference"": 0.99, ""control"": 0.645}, {""replicate"": 8, ""reference"": 0.985, ""control"": 0.645}, {""replicate"": 9, ""reference"": 0.99, ""control"": 0.345}, {""replicate"": 10, ""reference"": 0.99, ""control"": 0.43}]"
spiral,validation_accuracy,backprop_neat - homogeneous_tanh,10,0.05250000000000001,0.0625,0.019000000000000017,0.08450000000000002,8,"[{""replicate"": 1, ""reference"": 0.73, ""control"": 0.7}, {""replicate"": 2, ""reference"": 0.82, ""control"": 0.835}, {""replicate"": 3, ""reference"": 0.8, ""control"": 0.795}, {""replicate"": 4, ""reference"": 0.805, ""control"": 0.74}, {""replicate"": 5, ""reference"": 0.825, ""control"": 0.7}, {""replicate"": 6, ""reference"": 0.81, ""control"": 0.845}, {""replicate"": 7, ""reference"": 0.895, ""control"": 0.795}, {""replicate"": 8, ""reference"": 0.76, ""control"": 0.7}, {""replicate"": 9, ""reference"": 0.795, ""control"": 0.67}, {""replicate"": 10, ""reference"": 0.745, ""control"": 0.68}]"
spiral,validation_accuracy,backprop_neat - evolution_only,10,0.15799999999999997,0.15249999999999997,0.10899999999999999,0.20750000000000007,10,"[{""replicate"": 1, ""reference"": 0.73, ""control"": 0.68}, {""replicate"": 2, ""reference"": 0.82, ""control"": 0.68}, {""replicate"": 3, ""reference"": 0.8, ""control"": 0.635}, {""replicate"": 4, ""reference"": 0.805, ""control"": 0.62}, {""replicate"": 5, ""reference"": 0.825, ""control"": 0.595}, {""replicate"": 6, ""reference"": 0.81, ""control"": 0.575}, {""replicate"": 7, ""reference"": 0.895, ""control"": 0.59}, {""replicate"": 8, ""reference"": 0.76, ""control"": 0.695}, {""replicate"": 9, ""reference"": 0.795, ""control"": 0.665}, {""replicate"": 10, ""reference"": 0.745, ""control"": 0.67}]"
spiral,validation_accuracy,backprop_neat - random_search,10,0.06550000000000002,0.07250000000000006,0.029500000000000026,0.10450000000000001,7,"[{""replicate"": 1, ""reference"": 0.73, ""control"": 0.73}, {""replicate"": 2, ""reference"": 0.82, ""control"": 0.73}, {""replicate"": 3, ""reference"": 0.8, ""control"": 0.805}, {""replicate"": 4, ""reference"": 0.805, ""control"": 0.72}, {""replicate"": 5, ""reference"": 0.825, ""control"": 0.66}, {""replicate"": 6, ""reference"": 0.81, ""control"": 0.73}, {""replicate"": 7, ""reference"": 0.895, ""control"": 0.735}, {""replicate"": 8, ""reference"": 0.76, ""control"": 0.745}, {""replicate"": 9, ""reference"": 0.795, ""control"": 0.73}, {""replicate"": 10, ""reference"": 0.745, ""control"": 0.745}]"
spiral,validation_accuracy,backprop_neat - fixed_mlp,10,0.15299999999999997,0.16250000000000003,0.11449999999999998,0.19050000000000003,10,"[{""replicate"": 1, ""reference"": 0.73, ""control"": 0.685}, {""replicate"": 2, ""reference"": 0.82, ""control"": 0.635}, {""replicate"": 3, ""reference"": 0.8, ""control"": 0.675}, {""replicate"": 4, ""reference"": 0.805, ""control"": 0.645}, {""replicate"": 5, ""reference"": 0.825, ""control"": 0.61}, {""replicate"": 6, ""reference"": 0.81, ""control"": 0.645}, {""replicate"": 7, ""reference"": 0.895, ""control"": 0.63}, {""replicate"": 8, ""reference"": 0.76, ""control"": 0.66}, {""replicate"": 9, ""reference"": 0.795, ""control"": 0.62}, {""replicate"": 10, ""reference"": 0.745, ""control"": 0.65}]"
spiral,validation_accuracy,backprop_neat - logistic,10,0.189,0.19500000000000006,0.158,0.22100000000000003,10,"[{""replicate"": 1, ""reference"": 0.73, ""control"": 0.63}, {""replicate"": 2, ""reference"": 0.82, ""control"": 0.605}, {""replicate"": 3, ""reference"": 0.8, ""control"": 0.625}, {""replicate"": 4, ""reference"": 0.805, ""control"": 0.615}, {""replicate"": 5, ""reference"": 0.825, ""control"": 0.585}, {""replicate"": 6, ""reference"": 0.81, ""control"": 0.61}, {""replicate"": 7, ""reference"": 0.895, ""control"": 0.61}, {""replicate"": 8, ""reference"": 0.76, ""control"": 0.62}, {""replicate"": 9, ""reference"": 0.795, ""control"": 0.59}, {""replicate"": 10, ""reference"": 0.745, ""control"": 0.605}]"
xor,validation_accuracy,backprop_neat - homogeneous_tanh,10,0.0,0.0,-0.0015000000000000013,0.0015000000000000013,1,"[{""replicate"": 1, ""reference"": 1.0, ""control"": 0.995}, {""replicate"": 2, ""reference"": 1.0, ""control"": 1.0}, {""replicate"": 3, ""reference"": 1.0, ""control"": 1.0}, {""replicate"": 4, ""reference"": 0.995, ""control"": 1.0}, {""replicate"": 5, ""reference"": 1.0, ""control"": 1.0}, {""replicate"": 6, ""reference"": 1.0, ""control"": 1.0}, {""replicate"": 7, ""reference"": 1.0, ""control"": 1.0}, {""replicate"": 8, ""reference"": 1.0, ""control"": 1.0}, {""replicate"": 9, ""reference"": 1.0, ""control"": 1.0}, {""replicate"": 10, ""reference"": 1.0, ""control"": 1.0}]"
xor,validation_accuracy,backprop_neat - evolution_only,10,0.2495,0.27249999999999996,0.1519875,0.34550000000000003,9,"[{""replicate"": 1, ""reference"": 1.0, ""control"": 0.85}, {""replicate"": 2, ""reference"": 1.0, ""control"": 1.0}, {""replicate"": 3, ""reference"": 1.0, ""control"": 0.78}, {""replicate"": 4, ""reference"": 0.995, ""control"": 0.63}, {""replicate"": 5, ""reference"": 1.0, ""control"": 0.6}, {""replicate"": 6, ""reference"": 1.0, ""control"": 0.99}, {""replicate"": 7, ""reference"": 1.0, ""control"": 0.66}, {""replicate"": 8, ""reference"": 1.0, ""control"": 0.81}, {""replicate"": 9, ""reference"": 1.0, ""control"": 0.505}, {""replicate"": 10, ""reference"": 1.0, ""control"": 0.675}]"
xor,validation_accuracy,backprop_neat - random_search,10,0.006000000000000005,0.0050000000000000044,0.0030000000000000027,0.009000000000000008,7,"[{""replicate"": 1, ""reference"": 1.0, ""control"": 0.99}, {""replicate"": 2, ""reference"": 1.0, ""control"": 1.0}, {""replicate"": 3, ""reference"": 1.0, ""control"": 0.995}, {""replicate"": 4, ""reference"": 0.995, ""control"": 0.99}, {""replicate"": 5, ""reference"": 1.0, ""control"": 0.985}, {""replicate"": 6, ""reference"": 1.0, ""control"": 1.0}, {""replicate"": 7, ""reference"": 1.0, ""control"": 0.99}, {""replicate"": 8, ""reference"": 1.0, ""control"": 0.995}, {""replicate"": 9, ""reference"": 1.0, ""control"": 0.99}, {""replicate"": 10, ""reference"": 1.0, ""control"": 1.0}]"
xor,validation_accuracy,backprop_neat - fixed_mlp,10,0.008000000000000007,0.0050000000000000044,0.0050000000000000044,0.01150000000000001,9,"[{""replicate"": 1, ""reference"": 1.0, ""control"": 0.99}, {""replicate"": 2, ""reference"": 1.0, ""control"": 0.995}, {""replicate"": 3, ""reference"": 1.0, ""control"": 0.985}, {""replicate"": 4, ""reference"": 0.995, ""control"": 0.995}, {""replicate"": 5, ""reference"": 1.0, ""control"": 0.98}, {""replicate"": 6, ""reference"": 1.0, ""control"": 0.99}, {""replicate"": 7, ""reference"": 1.0, ""control"": 0.995}, {""replicate"": 8, ""reference"": 1.0, ""control"": 0.995}, {""replicate"": 9, ""reference"": 1.0, ""control"": 0.995}, {""replicate"": 10, ""reference"": 1.0, ""control"": 0.995}]"
xor,validation_accuracy,backprop_neat - logistic,10,0.43149999999999994,0.44749999999999995,0.3859875,0.4734999999999999,10,"[{""replicate"": 1, ""reference"": 1.0, ""control"": 0.47}, {""replicate"": 2, ""reference"": 1.0, ""control"": 0.57}, {""replicate"": 3, ""reference"": 1.0, ""control"": 0.515}, {""replicate"": 4, ""reference"": 0.995, ""control"": 0.56}, {""replicate"": 5, ""reference"": 1.0, ""control"": 0.615}, {""replicate"": 6, ""reference"": 1.0, ""control"": 0.675}, {""replicate"": 7, ""reference"": 1.0, ""control"": 0.54}, {""replicate"": 8, ""reference"": 1.0, ""control"": 0.705}, {""replicate"": 9, ""reference"": 1.0, ""control"": 0.495}, {""replicate"": 10, ""reference"": 1.0, ""control"": 0.535}]"
