run_id,task,condition,replicate,loss,loss_source,causal_connections,gradient_steps,non_dominated
circle__backprop_neat__r01,circle,backprop_neat,1,0.037749593609637755,test,15,77900,True
circle__backprop_neat__r02,circle,backprop_neat,2,0.08252273523189019,test,8,100653,True
circle__backprop_neat__r05,circle,backprop_neat,5,0.33485082076874795,test,10,79000,True
circle__backprop_neat__r09,circle,backprop_neat,9,0.023371887461876243,test,9,79220,True
circle__backprop_neat__r10,circle,backprop_neat,10,0.12328882126980893,test,11,78780,True
circle__evolution_only__r02,circle,evolution_only,2,0.602902476145096,test,5,0,True
circle__evolution_only__r03,circle,evolution_only,3,0.3975240533347268,test,8,0,True
circle__evolution_only__r04,circle,evolution_only,4,0.32216701314355417,test,11,0,True
circle__evolution_only__r09,circle,evolution_only,9,0.40370815362231355,test,6,0,True
circle__logistic__r01,circle,logistic,1,0.685244518681083,test,3,3980,True
circle__logistic__r06,circle,logistic,6,0.7009739980840041,test,3,3660,True
circle__logistic__r09,circle,logistic,9,0.691858447598155,test,3,3880,True
circle__random_search__r02,circle,random_search,2,0.053474463164602554,test,17,6120,True
circle__random_search__r03,circle,random_search,3,0.04553072985804678,test,18,5760,True
circle__random_search__r04,circle,random_search,4,0.02596832405352186,test,33,5960,True
circle__random_search__r05,circle,random_search,5,0.06854096713612204,test,32,5340,True
circle__random_search__r10,circle,random_search,10,0.030248762250494363,test,29,5680,True
spiral__backprop_neat__r01,spiral,backprop_neat,1,0.49874171789334554,test,13,128600,True
spiral__backprop_neat__r03,spiral,backprop_neat,3,0.4777648817021275,test,13,129520,True
spiral__backprop_neat__r04,spiral,backprop_neat,4,0.4267825880855422,test,14,131460,True
spiral__backprop_neat__r06,spiral,backprop_neat,6,0.4646563693535505,test,13,133780,True
spiral__backprop_neat__r07,spiral,backprop_neat,7,0.2921935251359393,test,16,136060,True
spiral__backprop_neat__r09,spiral,backprop_neat,9,0.3563283726461702,test,13,137620,True
spiral__backprop_neat__r10,spiral,backprop_neat,10,0.48303285044548205,test,14,123760,True
spiral__evolution_only__r01,spiral,evolution_only,1,0.6005258860506333,test,9,0,True
spiral__evolution_only__r02,spiral,evolution_only,2,0.6521534354916281,test,7,0,True
spiral__evolution_only__r03,spiral,evolution_only,3,0.6603700975819649,test,5,0,True
spiral__evolution_only__r05,spiral,evolution_only,5,0.6632556462180054,test,4,0,True
spiral__evolution_only__r06,spiral,evolution_only,6,0.6671860334439527,test,3,0,True
spiral__homogeneous_tanh__r03,spiral,homogeneous_tanh,3,0.3955432285017959,test,15,125700,True
spiral__homogeneous_tanh__r05,spiral,homogeneous_tanh,5,0.5530076178065063,test,10,122680,True
spiral__homogeneous_tanh__r08,spiral,homogeneous_tanh,8,0.6229900678678051,test,7,115220,True
spiral__logistic__r06,spiral,logistic,6,0.662189847288826,test,3,3740,True
spiral__logistic__r08,spiral,logistic,8,0.6615624023666662,test,3,3900,True
spiral__random_search__r01,spiral,random_search,1,0.5879836568765516,test,38,3720,True
spiral__random_search__r03,spiral,random_search,3,0.5237177526447054,test,34,4300,True
spiral__random_search__r09,spiral,random_search,9,0.5247983050328474,test,35,4060,True
spiral__random_search__r10,spiral,random_search,10,0.5347513795547656,test,11,3800,True
xor__backprop_neat__r01,xor,backprop_neat,1,2.627103802946069e-10,test,8,84739,True
xor__backprop_neat__r06,xor,backprop_neat,6,9.33289012258546e-07,test,11,79680,True
xor__backprop_neat__r10,xor,backprop_neat,10,1.860037988010418e-44,test,9,96338,True
xor__evolution_only__r02,xor,evolution_only,2,0.028502948384705552,test,8,0,True
xor__evolution_only__r06,xor,evolution_only,6,0.0808994231248413,test,7,0,True
xor__evolution_only__r08,xor,evolution_only,8,0.5216261461691409,test,5,0,True
xor__logistic__r01,xor,logistic,1,0.6911268997036362,test,3,3980,True
xor__logistic__r05,xor,logistic,5,0.6998712308210042,test,3,3660,True
xor__logistic__r09,xor,logistic,9,0.6928397402240744,test,3,3740,True
xor__random_search__r01,xor,random_search,1,0.013482228160508179,test,15,4360,True
xor__random_search__r06,xor,random_search,6,0.002209020209987883,test,12,4900,True
