task,condition,n_replicates,validation_accuracy_mean,validation_accuracy_median,validation_accuracy_sd,validation_accuracy_min,validation_accuracy_max,validation_loss_mean,success_rate,success_count,generalization_gap_mean,represented_nodes_mean,causal_hidden_nodes_mean,causal_fraction,candidate_evaluations_mean,gradient_steps_mean,wall_time_mean,test_accuracy_mean,test_accuracy_sd,test_loss_mean,test_success_rate,validation_to_test_drop_mean
circle,backprop_neat,10,0.9894999999999999,0.99,0.006851601597031494,0.975,1.0,0.035472470451770696,1.0,10,-0.0020000000000000018,8.2,4.0,0.9523809523809526,1100.0,84621.1,23.377038025856017,0.986,0.013703203194062989,0.08141574219144174,1.0,0.003500000000000003
circle,evolution_only,10,0.7915,0.8,0.08634716748876788,0.65,0.93,0.4721432168788023,0.1,1,-0.013500000000000002,6.2,2.2,1.0,1100.0,0.0,1.0376955270767212,0.791,0.07475143997126596,0.4909952868819108,0.1,0.0005000000000000115
circle,fixed_mlp,10,0.9849999999999998,0.985,0.006666666666666672,0.975,0.995,0.07509445833855277,1.0,10,0.0020000000000000018,69.0,65.0,1.0,60.0,6566.0,99.92990972995759,0.9729999999999999,0.009189365834726822,0.08439431175076591,1.0,0.01200000000000001
circle,homogeneous_tanh,10,0.945,0.9524999999999999,0.03643868518179239,0.875,0.995,0.1886770100908956,0.8,8,0.012500000000000011,6.8,2.8,1.0,1100.0,85259.9,22.11652727127075,0.9425000000000001,0.04626313627260669,0.19870153483476768,0.8,0.0025000000000000022
circle,logistic,10,0.5294999999999999,0.555,0.10073204278899762,0.345,0.645,0.6894384427867329,0.0,0,-0.006500000000000001,4.0,0.0,0.0,60.0,3940.0,0.4732972145080566,0.5035,0.10453734048442,0.6973129246062129,0.0,0.026000000000000002
circle,random_search,10,0.9884999999999999,0.99,0.008181958472422392,0.97,0.995,0.04509896303788992,1.0,10,0.0040000000000000036,15.3,11.3,1.0,60.0,6024.0,4.550340914726258,0.9879999999999999,0.00856348838577676,0.04443350479060208,1.0,0.0005000000000000004
spiral,backprop_neat,10,0.7985,0.8025,0.04678853135830048,0.73,0.895,0.41775857272449224,0.6,6,-1.1102230246251566e-17,8.7,4.6,0.9787234042553192,2100.0,132138.0,43.30962471961975,0.7875,0.060380736442456,0.4349917559396602,0.4,0.01100000000000001
spiral,evolution_only,10,0.6405000000000001,0.65,0.04336216989240483,0.575,0.695,0.6403563544887192,0.0,0,-0.01150000000000002,5.0,1.0,1.0,2100.0,0.0,2.1061691522598265,0.6395,0.04126136207155552,0.6428040736315505,0.0,0.001000000000000012
spiral,fixed_mlp,10,0.6455000000000001,0.645,0.023386843404881417,0.61,0.685,0.6379881859226877,0.0,0,-0.0015000000000000124,69.0,65.0,1.0,60.0,2506.0,39.52100074291229,0.6375,0.0352175776818591,0.6454055015085929,0.0,0.008000000000000007
spiral,homogeneous_tanh,10,0.746,0.72,0.06586180818788516,0.67,0.845,0.5205224888739709,0.2,2,0.016499999999999994,7.7,3.7,1.0,2100.0,124043.9,35.62505295276642,0.7455,0.07289452044640331,0.5233877948425583,0.3,0.0005000000000000115
spiral,logistic,10,0.6094999999999999,0.61,0.01423024947075772,0.585,0.63,0.6622679479671965,0.0,0,-0.017000000000000015,4.0,0.0,0.0,60.0,3942.0,0.4886516332626343,0.5955,0.019357743210979498,0.6634135851193363,0.0,0.014000000000000012
spiral,random_search,10,0.7330000000000001,0.73,0.03497618237219914,0.66,0.805,0.5530978403203279,0.1,1,-0.016000000000000014,13.5,9.5,1.0,60.0,4018.0,3.235204339027405,0.713,0.023711225658371658,0.56128698377766,0.0,0.020000000000000018
xor,backprop_neat,10,0.9995,1.0,0.0015811388300841912,0.995,1.0,0.001416156468225491,1.0,10,0.0,6.6,2.6,1.0000000000000002,1100.0,92303.0,23.128105545043944,0.9964999999999999,0.006258327785172869,0.1862742012069151,1.0,0.0030000000000000027
xor,evolution_only,10,0.75,0.7275,0.16507574019219176,0.505,1.0,0.45723020817750226,0.2,2,0.005499999999999977,5.1,1.1,1.0000000000000004,1100.0,0.0,1.0092631578445435,0.7355,0.16590576307718255,0.4935061111813961,0.2,0.014500000000000013
xor,fixed_mlp,10,0.9914999999999999,0.995,0.0052967495273569054,0.98,0.995,0.033834859398151035,1.0,10,0.0025000000000000022,69.0,65.0,1.0,60.0,6408.0,98.88093497753144,0.9785,0.012483322207382682,0.055965072602937815,1.0,0.013000000000000012
xor,homogeneous_tanh,10,0.9995,1.0,0.0015811388300841912,0.995,1.0,0.010229308304899884,1.0,10,0.0005000000000000004,8.1,4.1,1.0,1100.0,120805.1,36.55796341896057,0.9949999999999999,0.0052704627669473035,0.029151290081919558,1.0,0.004500000000000004
xor,logistic,10,0.5680000000000001,0.55,0.0760920495189872,0.47,0.705,0.69112076150382,0.0,0,-0.015500000000000009,4.0,0.0,0.0,60.0,3832.0,0.47153439521789553,0.536,0.06801960501698512,0.6999539825911001,0.0,0.032
xor,random_search,10,0.9934999999999998,0.9924999999999999,0.0052967495273569054,0.985,1.0,0.024443108214850313,1.0,10,0.003500000000000003,11.7,7.7,1.0000000000000002,60.0,5197.9,3.9500696897506713,0.9860000000000001,0.014298407059684824,0.03704393265147512,1.0,0.007500000000000007
