task,condition,operator,count,fraction
checkerboard,backprop_neat,abs,6,0.07894736842105263
checkerboard,backprop_neat,add,1,0.013157894736842105
checkerboard,backprop_neat,gaussian,5,0.06578947368421052
checkerboard,backprop_neat,mult,12,0.15789473684210525
checkerboard,backprop_neat,relu,6,0.07894736842105263
checkerboard,backprop_neat,sigmoid,3,0.039473684210526314
checkerboard,backprop_neat,sin,37,0.4868421052631579
checkerboard,backprop_neat,square,2,0.02631578947368421
checkerboard,backprop_neat,tanh,4,0.05263157894736842
checkerboard,evolution_only,add,1,0.05263157894736842
checkerboard,evolution_only,gaussian,6,0.3157894736842105
checkerboard,evolution_only,mult,2,0.10526315789473684
checkerboard,evolution_only,relu,1,0.05263157894736842
checkerboard,evolution_only,sigmoid,1,0.05263157894736842
checkerboard,evolution_only,sin,7,0.3684210526315789
checkerboard,evolution_only,square,1,0.05263157894736842
checkerboard,fixed_mlp_mixed_matched,abs,250,0.1282051282051282
checkerboard,fixed_mlp_mixed_matched,add,288,0.1476923076923077
checkerboard,fixed_mlp_mixed_matched,gaussian,245,0.12564102564102564
checkerboard,fixed_mlp_mixed_matched,relu,254,0.13025641025641024
checkerboard,fixed_mlp_mixed_matched,sigmoid,261,0.13384615384615384
checkerboard,fixed_mlp_mixed_matched,sin,182,0.09333333333333334
checkerboard,fixed_mlp_mixed_matched,square,234,0.12
checkerboard,fixed_mlp_mixed_matched,tanh,236,0.12102564102564102
checkerboard,fixed_mlp_sin_matched,add,30,0.015384615384615385
checkerboard,fixed_mlp_sin_matched,sin,1920,0.9846153846153847
checkerboard,fixed_mlp_tanh_ha,add,30,0.015384615384615385
checkerboard,fixed_mlp_tanh_ha,tanh,1920,0.9846153846153847
checkerboard,fixed_mlp_tanh_matched,add,30,0.015384615384615385
checkerboard,fixed_mlp_tanh_matched,tanh,1920,0.9846153846153847
checkerboard,homogeneous_tanh,tanh,29,1.0
checkerboard,random_search_matched,abs,19,0.07224334600760456
checkerboard,random_search_matched,add,42,0.1596958174904943
checkerboard,random_search_matched,gaussian,26,0.09885931558935361
checkerboard,random_search_matched,mult,29,0.11026615969581749
checkerboard,random_search_matched,relu,16,0.060836501901140684
checkerboard,random_search_matched,sigmoid,25,0.09505703422053231
checkerboard,random_search_matched,sin,62,0.23574144486692014
checkerboard,random_search_matched,square,17,0.06463878326996197
checkerboard,random_search_matched,tanh,27,0.10266159695817491
circle,backprop_neat,abs,27,0.2231404958677686
circle,backprop_neat,add,11,0.09090909090909091
circle,backprop_neat,gaussian,9,0.0743801652892562
circle,backprop_neat,mult,9,0.0743801652892562
circle,backprop_neat,relu,6,0.049586776859504134
circle,backprop_neat,sigmoid,3,0.024793388429752067
circle,backprop_neat,sin,9,0.0743801652892562
circle,backprop_neat,square,40,0.3305785123966942
circle,backprop_neat,tanh,7,0.05785123966942149
circle,baldwinian,abs,22,0.19298245614035087
circle,baldwinian,add,10,0.08771929824561403
circle,baldwinian,gaussian,7,0.06140350877192982
circle,baldwinian,mult,7,0.06140350877192982
circle,baldwinian,relu,4,0.03508771929824561
circle,baldwinian,sigmoid,3,0.02631578947368421
circle,baldwinian,sin,5,0.043859649122807015
circle,baldwinian,square,47,0.41228070175438597
circle,baldwinian,tanh,9,0.07894736842105263
circle,evolution_only,abs,14,0.1917808219178082
circle,evolution_only,add,3,0.0410958904109589
circle,evolution_only,gaussian,7,0.0958904109589041
circle,evolution_only,mult,3,0.0410958904109589
circle,evolution_only,relu,8,0.1095890410958904
circle,evolution_only,sigmoid,4,0.0547945205479452
circle,evolution_only,sin,7,0.0958904109589041
circle,evolution_only,square,19,0.2602739726027397
circle,evolution_only,tanh,8,0.1095890410958904
circle,fixed_mlp_mixed_matched,abs,225,0.11538461538461539
circle,fixed_mlp_mixed_matched,add,274,0.14051282051282052
circle,fixed_mlp_mixed_matched,gaussian,220,0.11282051282051282
circle,fixed_mlp_mixed_matched,relu,236,0.12102564102564102
circle,fixed_mlp_mixed_matched,sigmoid,210,0.1076923076923077
circle,fixed_mlp_mixed_matched,sin,239,0.12256410256410256
circle,fixed_mlp_mixed_matched,square,288,0.1476923076923077
circle,fixed_mlp_mixed_matched,tanh,258,0.13230769230769232
circle,fixed_mlp_sin_matched,add,30,0.015384615384615385
circle,fixed_mlp_sin_matched,sin,1920,0.9846153846153847
circle,fixed_mlp_tanh_ha,add,30,0.015384615384615385
circle,fixed_mlp_tanh_ha,tanh,1920,0.9846153846153847
circle,fixed_mlp_tanh_matched,add,30,0.015384615384615385
circle,fixed_mlp_tanh_matched,tanh,1920,0.9846153846153847
circle,homogeneous_tanh,tanh,84,1.0
circle,prop_ha_fit_train,abs,21,0.17647058823529413
circle,prop_ha_fit_train,add,6,0.05042016806722689
circle,prop_ha_fit_train,gaussian,17,0.14285714285714285
circle,prop_ha_fit_train,mult,9,0.07563025210084033
circle,prop_ha_fit_train,relu,7,0.058823529411764705
circle,prop_ha_fit_train,sigmoid,11,0.09243697478991597
circle,prop_ha_fit_train,sin,11,0.09243697478991597
circle,prop_ha_fit_train,square,24,0.20168067226890757
circle,prop_ha_fit_train,tanh,13,0.1092436974789916
circle,prop_ha_fit_val,abs,20,0.18867924528301888
circle,prop_ha_fit_val,add,8,0.07547169811320754
circle,prop_ha_fit_val,gaussian,17,0.16037735849056603
circle,prop_ha_fit_val,mult,6,0.05660377358490566
circle,prop_ha_fit_val,relu,11,0.10377358490566038
circle,prop_ha_fit_val,sigmoid,2,0.018867924528301886
circle,prop_ha_fit_val,sin,12,0.11320754716981132
circle,prop_ha_fit_val,square,23,0.2169811320754717
circle,prop_ha_fit_val,tanh,7,0.0660377358490566
circle,prop_settled_fit_train,abs,22,0.18333333333333332
circle,prop_settled_fit_train,add,9,0.075
circle,prop_settled_fit_train,gaussian,18,0.15
circle,prop_settled_fit_train,mult,9,0.075
circle,prop_settled_fit_train,relu,7,0.058333333333333334
circle,prop_settled_fit_train,sigmoid,8,0.06666666666666667
circle,prop_settled_fit_train,sin,9,0.075
circle,prop_settled_fit_train,square,32,0.26666666666666666
circle,prop_settled_fit_train,tanh,6,0.05
circle,random_search_matched,abs,27,0.07417582417582418
circle,random_search_matched,add,60,0.16483516483516483
circle,random_search_matched,gaussian,39,0.10714285714285714
circle,random_search_matched,mult,39,0.10714285714285714
circle,random_search_matched,relu,32,0.08791208791208792
circle,random_search_matched,sigmoid,30,0.08241758241758242
circle,random_search_matched,sin,23,0.06318681318681318
circle,random_search_matched,square,82,0.22527472527472528
circle,random_search_matched,tanh,32,0.08791208791208792
spiral,backprop_neat,abs,6,0.046875
spiral,backprop_neat,add,9,0.0703125
spiral,backprop_neat,gaussian,3,0.0234375
spiral,backprop_neat,mult,10,0.078125
spiral,backprop_neat,relu,9,0.0703125
spiral,backprop_neat,sigmoid,8,0.0625
spiral,backprop_neat,sin,60,0.46875
spiral,backprop_neat,square,5,0.0390625
spiral,backprop_neat,tanh,18,0.140625
spiral,baldwinian,abs,11,0.09649122807017543
spiral,baldwinian,add,9,0.07894736842105263
spiral,baldwinian,gaussian,3,0.02631578947368421
spiral,baldwinian,mult,4,0.03508771929824561
spiral,baldwinian,relu,2,0.017543859649122806
spiral,baldwinian,sigmoid,4,0.03508771929824561
spiral,baldwinian,sin,61,0.5350877192982456
spiral,baldwinian,square,5,0.043859649122807015
spiral,baldwinian,tanh,15,0.13157894736842105
spiral,evolution_only,abs,1,0.06666666666666667
spiral,evolution_only,add,1,0.06666666666666667
spiral,evolution_only,relu,1,0.06666666666666667
spiral,evolution_only,sigmoid,2,0.13333333333333333
spiral,evolution_only,sin,9,0.6
spiral,evolution_only,tanh,1,0.06666666666666667
spiral,fixed_mlp_mixed_matched,abs,237,0.12153846153846154
spiral,fixed_mlp_mixed_matched,add,226,0.1158974358974359
spiral,fixed_mlp_mixed_matched,gaussian,265,0.1358974358974359
spiral,fixed_mlp_mixed_matched,relu,257,0.1317948717948718
spiral,fixed_mlp_mixed_matched,sigmoid,234,0.12
spiral,fixed_mlp_mixed_matched,sin,266,0.13641025641025642
spiral,fixed_mlp_mixed_matched,square,222,0.11384615384615385
spiral,fixed_mlp_mixed_matched,tanh,243,0.12461538461538461
spiral,fixed_mlp_sin_matched,add,30,0.015384615384615385
spiral,fixed_mlp_sin_matched,sin,1920,0.9846153846153847
spiral,fixed_mlp_tanh_ha,add,30,0.015384615384615385
spiral,fixed_mlp_tanh_ha,tanh,1920,0.9846153846153847
spiral,fixed_mlp_tanh_matched,add,30,0.015384615384615385
spiral,fixed_mlp_tanh_matched,tanh,1920,0.9846153846153847
spiral,homogeneous_tanh,tanh,110,1.0
spiral,prop_ha_fit_train,abs,2,0.023809523809523808
spiral,prop_ha_fit_train,add,6,0.07142857142857142
spiral,prop_ha_fit_train,gaussian,4,0.047619047619047616
spiral,prop_ha_fit_train,mult,4,0.047619047619047616
spiral,prop_ha_fit_train,relu,5,0.05952380952380952
spiral,prop_ha_fit_train,sigmoid,11,0.13095238095238096
spiral,prop_ha_fit_train,sin,39,0.4642857142857143
spiral,prop_ha_fit_train,square,4,0.047619047619047616
spiral,prop_ha_fit_train,tanh,9,0.10714285714285714
spiral,prop_ha_fit_val,abs,6,0.06451612903225806
spiral,prop_ha_fit_val,add,2,0.021505376344086023
spiral,prop_ha_fit_val,gaussian,10,0.10752688172043011
spiral,prop_ha_fit_val,mult,3,0.03225806451612903
spiral,prop_ha_fit_val,relu,4,0.043010752688172046
spiral,prop_ha_fit_val,sigmoid,9,0.0967741935483871
spiral,prop_ha_fit_val,sin,41,0.44086021505376344
spiral,prop_ha_fit_val,square,6,0.06451612903225806
spiral,prop_ha_fit_val,tanh,12,0.12903225806451613
spiral,prop_settled_fit_train,abs,11,0.08148148148148149
spiral,prop_settled_fit_train,add,9,0.06666666666666667
spiral,prop_settled_fit_train,gaussian,7,0.05185185185185185
spiral,prop_settled_fit_train,mult,9,0.06666666666666667
spiral,prop_settled_fit_train,relu,4,0.02962962962962963
spiral,prop_settled_fit_train,sigmoid,8,0.05925925925925926
spiral,prop_settled_fit_train,sin,62,0.45925925925925926
spiral,prop_settled_fit_train,square,4,0.02962962962962963
spiral,prop_settled_fit_train,tanh,21,0.15555555555555556
spiral,random_search_matched,abs,19,0.059190031152647975
spiral,random_search_matched,add,54,0.16822429906542055
spiral,random_search_matched,gaussian,33,0.102803738317757
spiral,random_search_matched,mult,32,0.09968847352024922
spiral,random_search_matched,relu,27,0.08411214953271028
spiral,random_search_matched,sigmoid,28,0.08722741433021806
spiral,random_search_matched,sin,80,0.24922118380062305
spiral,random_search_matched,square,14,0.04361370716510903
spiral,random_search_matched,tanh,34,0.1059190031152648
spiral,sel_roulette_s0.001,abs,7,0.04929577464788732
spiral,sel_roulette_s0.001,add,11,0.07746478873239436
spiral,sel_roulette_s0.001,gaussian,6,0.04225352112676056
spiral,sel_roulette_s0.001,mult,13,0.09154929577464789
spiral,sel_roulette_s0.001,relu,6,0.04225352112676056
spiral,sel_roulette_s0.001,sigmoid,5,0.035211267605633804
spiral,sel_roulette_s0.001,sin,68,0.4788732394366197
spiral,sel_roulette_s0.001,square,7,0.04929577464788732
spiral,sel_roulette_s0.001,tanh,19,0.13380281690140844
spiral,sel_roulette_s0.1,abs,2,0.015151515151515152
spiral,sel_roulette_s0.1,add,8,0.06060606060606061
spiral,sel_roulette_s0.1,gaussian,6,0.045454545454545456
spiral,sel_roulette_s0.1,mult,7,0.05303030303030303
spiral,sel_roulette_s0.1,relu,5,0.03787878787878788
spiral,sel_roulette_s0.1,sigmoid,11,0.08333333333333333
spiral,sel_roulette_s0.1,sin,71,0.5378787878787878
spiral,sel_roulette_s0.1,square,7,0.05303030303030303
spiral,sel_roulette_s0.1,tanh,15,0.11363636363636363
spiral,sel_roulette_s1.0,abs,6,0.044444444444444446
spiral,sel_roulette_s1.0,add,9,0.06666666666666667
spiral,sel_roulette_s1.0,gaussian,9,0.06666666666666667
spiral,sel_roulette_s1.0,mult,10,0.07407407407407407
spiral,sel_roulette_s1.0,relu,5,0.037037037037037035
spiral,sel_roulette_s1.0,sigmoid,7,0.05185185185185185
spiral,sel_roulette_s1.0,sin,65,0.48148148148148145
spiral,sel_roulette_s1.0,square,5,0.037037037037037035
spiral,sel_roulette_s1.0,tanh,19,0.14074074074074075
spiral,sel_tournament_k2,abs,7,0.05785123966942149
spiral,sel_tournament_k2,add,13,0.10743801652892562
spiral,sel_tournament_k2,gaussian,8,0.06611570247933884
spiral,sel_tournament_k2,mult,8,0.06611570247933884
spiral,sel_tournament_k2,relu,8,0.06611570247933884
spiral,sel_tournament_k2,sigmoid,9,0.0743801652892562
spiral,sel_tournament_k2,sin,58,0.4793388429752066
spiral,sel_tournament_k2,tanh,10,0.08264462809917356
spiral,sel_tournament_k4,abs,3,0.02097902097902098
spiral,sel_tournament_k4,add,14,0.0979020979020979
spiral,sel_tournament_k4,gaussian,3,0.02097902097902098
spiral,sel_tournament_k4,mult,8,0.055944055944055944
spiral,sel_tournament_k4,relu,12,0.08391608391608392
spiral,sel_tournament_k4,sigmoid,4,0.027972027972027972
spiral,sel_tournament_k4,sin,74,0.5174825174825175
spiral,sel_tournament_k4,square,4,0.027972027972027972
spiral,sel_tournament_k4,tanh,21,0.14685314685314685
spiral,sel_v1_truncation,abs,5,0.0390625
spiral,sel_v1_truncation,add,12,0.09375
spiral,sel_v1_truncation,gaussian,4,0.03125
spiral,sel_v1_truncation,mult,11,0.0859375
spiral,sel_v1_truncation,relu,3,0.0234375
spiral,sel_v1_truncation,sigmoid,8,0.0625
spiral,sel_v1_truncation,sin,72,0.5625
spiral,sel_v1_truncation,square,2,0.015625
spiral,sel_v1_truncation,tanh,11,0.0859375
spiral3,backprop_neat,add,3,0.08571428571428572
spiral3,backprop_neat,gaussian,2,0.05714285714285714
spiral3,backprop_neat,sigmoid,1,0.02857142857142857
spiral3,backprop_neat,sin,28,0.8
spiral3,backprop_neat,square,1,0.02857142857142857
spiral3,evolution_only,sin,1,1.0
spiral3,fixed_mlp_mixed_matched,abs,264,0.13538461538461538
spiral3,fixed_mlp_mixed_matched,add,263,0.13487179487179488
spiral3,fixed_mlp_mixed_matched,gaussian,223,0.11435897435897435
spiral3,fixed_mlp_mixed_matched,relu,240,0.12307692307692308
spiral3,fixed_mlp_mixed_matched,sigmoid,226,0.1158974358974359
spiral3,fixed_mlp_mixed_matched,sin,256,0.13128205128205128
spiral3,fixed_mlp_mixed_matched,square,242,0.12410256410256411
spiral3,fixed_mlp_mixed_matched,tanh,236,0.12102564102564102
spiral3,fixed_mlp_sin_matched,add,30,0.015384615384615385
spiral3,fixed_mlp_sin_matched,sin,1920,0.9846153846153847
spiral3,fixed_mlp_tanh_ha,add,30,0.015384615384615385
spiral3,fixed_mlp_tanh_ha,tanh,1920,0.9846153846153847
spiral3,fixed_mlp_tanh_matched,add,30,0.015384615384615385
spiral3,fixed_mlp_tanh_matched,tanh,1920,0.9846153846153847
spiral3,random_search_matched,abs,24,0.08
spiral3,random_search_matched,add,58,0.19333333333333333
spiral3,random_search_matched,gaussian,20,0.06666666666666667
spiral3,random_search_matched,mult,32,0.10666666666666667
spiral3,random_search_matched,relu,25,0.08333333333333333
spiral3,random_search_matched,sigmoid,21,0.07
spiral3,random_search_matched,sin,65,0.21666666666666667
spiral3,random_search_matched,square,25,0.08333333333333333
spiral3,random_search_matched,tanh,30,0.1
xor,backprop_neat,abs,8,0.08888888888888889
xor,backprop_neat,add,5,0.05555555555555555
xor,backprop_neat,gaussian,3,0.03333333333333333
xor,backprop_neat,mult,29,0.32222222222222224
xor,backprop_neat,relu,7,0.07777777777777778
xor,backprop_neat,sigmoid,7,0.07777777777777778
xor,backprop_neat,sin,9,0.1
xor,backprop_neat,square,10,0.1111111111111111
xor,backprop_neat,tanh,12,0.13333333333333333
xor,baldwinian,abs,5,0.0641025641025641
xor,baldwinian,add,7,0.08974358974358974
xor,baldwinian,gaussian,5,0.0641025641025641
xor,baldwinian,mult,30,0.38461538461538464
xor,baldwinian,relu,5,0.0641025641025641
xor,baldwinian,sigmoid,6,0.07692307692307693
xor,baldwinian,sin,5,0.0641025641025641
xor,baldwinian,square,7,0.08974358974358974
xor,baldwinian,tanh,8,0.10256410256410256
xor,evolution_only,abs,3,0.06521739130434782
xor,evolution_only,add,1,0.021739130434782608
xor,evolution_only,gaussian,7,0.15217391304347827
xor,evolution_only,mult,15,0.32608695652173914
xor,evolution_only,relu,2,0.043478260869565216
xor,evolution_only,sigmoid,2,0.043478260869565216
xor,evolution_only,sin,8,0.17391304347826086
xor,evolution_only,square,4,0.08695652173913043
xor,evolution_only,tanh,4,0.08695652173913043
xor,fixed_mlp_mixed_matched,abs,252,0.12923076923076923
xor,fixed_mlp_mixed_matched,add,280,0.14358974358974358
xor,fixed_mlp_mixed_matched,gaussian,257,0.1317948717948718
xor,fixed_mlp_mixed_matched,relu,216,0.11076923076923077
xor,fixed_mlp_mixed_matched,sigmoid,254,0.13025641025641024
xor,fixed_mlp_mixed_matched,sin,220,0.11282051282051282
xor,fixed_mlp_mixed_matched,square,184,0.09435897435897436
xor,fixed_mlp_mixed_matched,tanh,287,0.14717948717948717
xor,fixed_mlp_sin_matched,add,30,0.015384615384615385
xor,fixed_mlp_sin_matched,sin,1920,0.9846153846153847
xor,fixed_mlp_tanh_ha,add,30,0.015384615384615385
xor,fixed_mlp_tanh_ha,tanh,1920,0.9846153846153847
xor,fixed_mlp_tanh_matched,add,30,0.015384615384615385
xor,fixed_mlp_tanh_matched,tanh,1920,0.9846153846153847
xor,homogeneous_tanh,tanh,123,1.0
xor,prop_ha_fit_train,abs,13,0.18055555555555555
xor,prop_ha_fit_train,add,2,0.027777777777777776
xor,prop_ha_fit_train,gaussian,5,0.06944444444444445
xor,prop_ha_fit_train,mult,8,0.1111111111111111
xor,prop_ha_fit_train,relu,3,0.041666666666666664
xor,prop_ha_fit_train,sigmoid,6,0.08333333333333333
xor,prop_ha_fit_train,sin,7,0.09722222222222222
xor,prop_ha_fit_train,square,17,0.2361111111111111
xor,prop_ha_fit_train,tanh,11,0.1527777777777778
xor,prop_ha_fit_val,abs,20,0.1941747572815534
xor,prop_ha_fit_val,add,6,0.05825242718446602
xor,prop_ha_fit_val,gaussian,7,0.06796116504854369
xor,prop_ha_fit_val,mult,17,0.1650485436893204
xor,prop_ha_fit_val,relu,9,0.08737864077669903
xor,prop_ha_fit_val,sigmoid,9,0.08737864077669903
xor,prop_ha_fit_val,sin,11,0.10679611650485436
xor,prop_ha_fit_val,square,11,0.10679611650485436
xor,prop_ha_fit_val,tanh,13,0.1262135922330097
xor,prop_settled_fit_train,abs,9,0.09473684210526316
xor,prop_settled_fit_train,add,10,0.10526315789473684
xor,prop_settled_fit_train,gaussian,5,0.05263157894736842
xor,prop_settled_fit_train,mult,30,0.3157894736842105
xor,prop_settled_fit_train,relu,6,0.06315789473684211
xor,prop_settled_fit_train,sigmoid,8,0.08421052631578947
xor,prop_settled_fit_train,sin,10,0.10526315789473684
xor,prop_settled_fit_train,square,6,0.06315789473684211
xor,prop_settled_fit_train,tanh,11,0.11578947368421053
xor,random_search_matched,abs,20,0.09259259259259259
xor,random_search_matched,add,44,0.2037037037037037
xor,random_search_matched,gaussian,12,0.05555555555555555
xor,random_search_matched,mult,55,0.25462962962962965
xor,random_search_matched,relu,19,0.08796296296296297
xor,random_search_matched,sigmoid,14,0.06481481481481481
xor,random_search_matched,sin,21,0.09722222222222222
xor,random_search_matched,square,13,0.06018518518518518
xor,random_search_matched,tanh,18,0.08333333333333333
xor,sel_roulette_s0.001,abs,7,0.08333333333333333
xor,sel_roulette_s0.001,add,6,0.07142857142857142
xor,sel_roulette_s0.001,gaussian,4,0.047619047619047616
xor,sel_roulette_s0.001,mult,23,0.27380952380952384
xor,sel_roulette_s0.001,relu,5,0.05952380952380952
xor,sel_roulette_s0.001,sigmoid,11,0.13095238095238096
xor,sel_roulette_s0.001,sin,9,0.10714285714285714
xor,sel_roulette_s0.001,square,9,0.10714285714285714
xor,sel_roulette_s0.001,tanh,10,0.11904761904761904
xor,sel_roulette_s0.1,abs,10,0.11764705882352941
xor,sel_roulette_s0.1,add,4,0.047058823529411764
xor,sel_roulette_s0.1,gaussian,4,0.047058823529411764
xor,sel_roulette_s0.1,mult,28,0.32941176470588235
xor,sel_roulette_s0.1,relu,4,0.047058823529411764
xor,sel_roulette_s0.1,sigmoid,3,0.03529411764705882
xor,sel_roulette_s0.1,sin,12,0.1411764705882353
xor,sel_roulette_s0.1,square,7,0.08235294117647059
xor,sel_roulette_s0.1,tanh,13,0.15294117647058825
xor,sel_roulette_s1.0,abs,5,0.05747126436781609
xor,sel_roulette_s1.0,add,11,0.12643678160919541
xor,sel_roulette_s1.0,gaussian,4,0.04597701149425287
xor,sel_roulette_s1.0,mult,30,0.3448275862068966
xor,sel_roulette_s1.0,relu,7,0.08045977011494253
xor,sel_roulette_s1.0,sigmoid,8,0.09195402298850575
xor,sel_roulette_s1.0,sin,11,0.12643678160919541
xor,sel_roulette_s1.0,square,5,0.05747126436781609
xor,sel_roulette_s1.0,tanh,6,0.06896551724137931
xor,sel_tournament_k2,abs,5,0.06172839506172839
xor,sel_tournament_k2,add,6,0.07407407407407407
xor,sel_tournament_k2,gaussian,6,0.07407407407407407
xor,sel_tournament_k2,mult,26,0.32098765432098764
xor,sel_tournament_k2,relu,3,0.037037037037037035
xor,sel_tournament_k2,sigmoid,5,0.06172839506172839
xor,sel_tournament_k2,sin,10,0.12345679012345678
xor,sel_tournament_k2,square,9,0.1111111111111111
xor,sel_tournament_k2,tanh,11,0.13580246913580246
xor,sel_tournament_k4,abs,15,0.13043478260869565
xor,sel_tournament_k4,add,12,0.10434782608695652
xor,sel_tournament_k4,gaussian,5,0.043478260869565216
xor,sel_tournament_k4,mult,19,0.16521739130434782
xor,sel_tournament_k4,relu,2,0.017391304347826087
xor,sel_tournament_k4,sigmoid,13,0.11304347826086956
xor,sel_tournament_k4,sin,12,0.10434782608695652
xor,sel_tournament_k4,square,14,0.12173913043478261
xor,sel_tournament_k4,tanh,23,0.2
xor,sel_v1_truncation,abs,6,0.06451612903225806
xor,sel_v1_truncation,add,6,0.06451612903225806
xor,sel_v1_truncation,gaussian,4,0.043010752688172046
xor,sel_v1_truncation,mult,20,0.21505376344086022
xor,sel_v1_truncation,relu,8,0.08602150537634409
xor,sel_v1_truncation,sigmoid,7,0.07526881720430108
xor,sel_v1_truncation,sin,9,0.0967741935483871
xor,sel_v1_truncation,square,14,0.15053763440860216
xor,sel_v1_truncation,tanh,19,0.20430107526881722
