task,condition,n,validation_accuracy_mean,collapse_rate,causal_hidden_nodes_mean,represented_nodes_mean,gradient_steps_mean,candidate_evaluations_mean,wall_time_mean,cgp_active_nodes_mean,cgp_neutral_accepted_mean,test_accuracy_mean,test_accuracy_median,test_accuracy_sd,test_loss_mean,test_loss_median,test_loss_clipped_mean,test_success_rate
checkerboard,bpneat,30,0.6548333333333332,0.13333333333333333,1.6,5.6,112041.33333333333,2100.0,20.016449666023256,,,0.6211666666666666,0.65,0.0902552255945684,0.6338473012443566,0.6254596247036361,0.635551198183321,0.0
checkerboard,cgp,30,0.6136666666666667,0.0,1.7,5.7,89820.2,2097.0,15.06546356678009,0.7,339.8,0.584,0.5625,0.09747148124027054,0.6591315732555775,0.689618046552023,0.6639149288369156,0.0
checkerboard,cgp_random_matched,30,0.7035,0.0,8.8,12.8,123623.33333333333,2100.0,38.25890998840332,7.8,,0.6941666666666666,0.695,0.04856711199789516,0.602340369429557,0.6184162115532529,0.6044665362173623,0.03333333333333333
checkerboard,fixed_mixed_matched_bpneat,30,0.7298333333333332,0.0,65.0,69.0,112020.0,60.0,49.20286110242208,,,0.7144999999999999,0.7224999999999999,0.03733238401912907,0.6203524801854411,0.6048463542767817,0.6176973729660187,0.0
checkerboard,fixed_mixed_matched_cgp,30,0.7273333333333334,0.0,65.0,69.0,89778.0,60.0,39.08992736339569,,,0.7128333333333334,0.7175,0.039690251850473604,0.6099551149745487,0.5992351480740885,0.6084500468898069,0.03333333333333333
checkerboard,fixed_tanh_ha,30,0.6080000000000001,0.0,65.0,69.0,2567.3333333333335,60.0,28.508490856488546,,,0.5700000000000001,0.5774999999999999,0.053530526257261,0.6842129285987977,0.6853400181062913,0.6837065486871785,0.0
checkerboard,fixed_tanh_matched_bpneat,30,0.7136666666666669,0.0,65.0,69.0,112020.0,60.0,30.475913310050963,,,0.6861666666666666,0.685,0.04795262269144938,0.6080887610161168,0.6110528471727337,0.609427533544066,0.0
checkerboard,fixed_tanh_matched_cgp,30,0.7043333333333334,0.0,65.0,69.0,89778.0,60.0,24.709877649943035,,,0.6951666666666666,0.6875,0.041884145081347926,0.60621365059299,0.6066885483002704,0.6082432558219705,0.03333333333333333
circle,bpneat,30,0.9915000000000002,0.0,3.466666666666667,7.533333333333333,81138.73333333334,1100.0,16.441082207361855,,,0.9839999999999999,0.985,0.011700279984860966,0.04689537555106189,0.043836304708602114,0.04530897016335161,1.0
circle,cgp,30,0.9958333333333333,0.0,8.333333333333334,12.333333333333334,72237.43333333333,1097.0,24.994222966829934,7.333333333333333,39.63333333333333,0.9861666666666665,0.9875,0.008477488784537208,0.04786930106756484,0.03990415468332971,0.04559419953030344,1.0
circle,cgp_random_matched,30,0.9874999999999997,0.0,9.7,13.7,98341.26666666666,1100.0,31.982099827130636,8.7,,0.9846666666666667,0.985,0.00850287307765515,0.05798095350613989,0.05661359516135546,0.0567973759616088,1.0
circle,fixed_mixed_matched_bpneat,30,0.9910000000000001,0.0,65.0,69.0,81118.0,60.0,37.572140534718834,,,0.9851666666666666,0.985,0.00793109695127823,0.03828906106749392,0.03393928224739813,0.035426968852574195,1.0
circle,fixed_mixed_matched_cgp,30,0.9916666666666667,0.0,65.0,69.0,72200.0,60.0,33.74836416244507,,,0.9854999999999998,0.99,0.009768880922744366,0.042328244759525395,0.03400850665693416,0.039933470048211725,1.0
circle,fixed_tanh_ha,30,0.979,0.0,65.0,69.0,6466.0,60.0,72.56565696398417,,,0.9706666666666666,0.97,0.01064581294844755,0.09176412815478178,0.09361710198204137,0.09202799136702085,1.0
circle,fixed_tanh_matched_bpneat,30,0.9881666666666666,0.0,65.0,69.0,81118.0,60.0,23.441240604718526,,,0.9793333333333332,0.98,0.010400044208570948,0.06135544619193787,0.05591092047870082,0.0599516073647603,1.0
circle,fixed_tanh_matched_cgp,30,0.9873333333333334,0.0,65.0,69.0,72200.0,60.0,20.61762665907542,,,0.9796666666666665,0.98,0.010165300454651279,0.06201389907325594,0.060542321961533696,0.060782791719802984,1.0
spiral,bpneat,30,0.7958333333333333,0.0,4.233333333333333,8.266666666666667,131739.33333333334,2100.0,31.367899298667908,,,0.7909999999999999,0.7825,0.053197744313081545,0.4362006169421147,0.442529326778707,0.4376678594589186,0.43333333333333335
spiral,cgp,30,0.7656666666666667,0.0,4.9,8.9,104627.86666666667,2097.0,28.065925415356954,3.9,226.5,0.7408333333333332,0.745,0.07597734840901181,0.5242719380756617,0.5098786636904631,0.5293053402144042,0.2
spiral,cgp_random_matched,30,0.7601666666666668,0.0,9.033333333333333,13.033333333333333,134650.43333333332,2100.0,42.29630212783813,8.033333333333333,,0.7573333333333333,0.7575000000000001,0.0316972024582322,0.5179346605170788,0.5221463420538882,0.5184175942865383,0.13333333333333333
spiral,fixed_mixed_matched_bpneat,30,0.9683333333333332,0.0,65.0,69.0,131722.0,60.0,58.95698591073354,,,0.9644999999999999,0.965,0.011168768030107218,0.09716818576683876,0.09806505940182325,0.09520379694886848,1.0
spiral,fixed_mixed_matched_cgp,30,0.9666666666666667,0.0,65.0,69.0,104598.0,60.0,47.42739969889323,,,0.9601666666666665,0.96,0.010379300798101539,0.1040783943683332,0.09801050218358542,0.10091516926342402,1.0
spiral,fixed_tanh_ha,30,0.6371666666666668,0.0,65.0,69.0,2586.0,60.0,29.45342102050781,,,0.6403333333333332,0.6425000000000001,0.027162770329147656,0.6412794859094402,0.6418238116694561,0.6412089678988553,0.0
spiral,fixed_tanh_matched_bpneat,30,0.8923333333333334,0.0,65.0,69.0,131722.0,60.0,36.755886220932005,,,0.8978333333333335,0.91,0.036875450513515276,0.3147866737497923,0.30020591277208836,0.31160652839784586,1.0
spiral,fixed_tanh_matched_cgp,30,0.872,0.0,65.0,69.0,104598.0,60.0,29.150213146209715,,,0.8665000000000003,0.8775,0.04871008533962041,0.35319144703167715,0.34756770109454493,0.3518539821433798,0.8666666666666667
spiral3,bpneat,30,0.6118333333333332,0.26666666666666666,1.2,5.2,107468.0,2100.0,17.641036876042683,,,0.5903333333333333,0.5925,0.04106205004652091,0.6668206548436969,0.6676902950681645,0.6679758010605822,0.0
spiral3,cgp,30,0.5658333333333333,0.0,1.4333333333333333,5.433333333333334,68738.93333333333,2097.0,11.469787367184956,0.43333333333333335,436.8333333333333,0.558,0.55,0.039948242376423984,0.6848258268480389,0.6860059982630458,0.6856140233416051,0.0
spiral3,cgp_random_matched,30,0.6176666666666666,0.0,6.233333333333333,10.233333333333333,119915.16666666667,2100.0,36.2029807249705,5.233333333333333,,0.6011666666666665,0.595,0.029556589011978177,0.6699710007214589,0.6721159921025852,0.6702591491772883,0.0
spiral3,fixed_mixed_matched_bpneat,30,0.7945000000000003,0.0,65.0,69.0,107444.0,60.0,46.11352302233378,,,0.7831666666666667,0.7825,0.02601336968366173,0.475097833533203,0.4772402414710323,0.47471604094541764,0.9
spiral3,fixed_mixed_matched_cgp,30,0.7708333333333333,0.0,65.0,69.0,68702.0,60.0,29.680395571390786,,,0.7533333333333335,0.7575000000000001,0.032439156132284236,0.5194996859264113,0.5180606607267129,0.5183595621091827,0.6
spiral3,fixed_tanh_ha,30,0.5343333333333332,0.0,65.0,69.0,2252.0,60.0,24.288437175750733,,,0.5285,0.525,0.03197924973780816,0.6971910163445844,0.6941119434271301,0.6968167156113141,0.0
spiral3,fixed_tanh_matched_bpneat,30,0.595,0.0,65.0,69.0,107444.0,60.0,28.943571678797404,,,0.5826666666666667,0.585,0.025755258362775795,0.6760170612147167,0.6757325666281532,0.6754611404273757,0.0
spiral3,fixed_tanh_matched_cgp,30,0.5903333333333333,0.0,65.0,69.0,68702.0,60.0,18.7802747964859,,,0.572,0.575,0.024586231077997466,0.675148759190116,0.6748339969208719,0.6755088939694118,0.0
xor,bpneat,30,0.9925,0.0,3.1333333333333333,7.166666666666667,87708.16666666667,1100.0,17.156597828865053,,,0.9903333333333333,1.0,0.02125109868694554,0.030284981790566132,0.002216558968003062,0.015506461987465756,1.0
xor,cgp,30,0.9995,0.0,9.5,13.5,81936.66666666667,1097.0,31.712595335642497,8.5,30.766666666666666,0.9893333333333333,0.99,0.00962515860445529,0.11258466900910533,0.03650201065415283,0.08026398313144502,1.0
xor,cgp_random_matched,30,0.9933333333333334,0.0,11.0,15.0,86312.43333333333,1100.0,29.037831211090086,10.0,,0.9888333333333332,0.99,0.007952806198869787,0.03972553603190395,0.037367612022821906,0.039473347377398944,1.0
xor,fixed_mixed_matched_bpneat,30,0.9890000000000001,0.0,65.0,69.0,87678.0,60.0,42.24845875898997,,,0.9771666666666667,0.98,0.012083283789038352,0.05401566496411807,0.04920202584751152,0.05236338319714592,1.0
xor,fixed_mixed_matched_cgp,30,0.9874999999999999,0.0,65.0,69.0,81906.0,60.0,40.34224967161814,,,0.9783333333333334,0.98,0.011472105098991164,0.048110403134271056,0.048749121113734306,0.04697476632723106,1.0
xor,fixed_tanh_ha,30,0.9913333333333334,0.0,65.0,69.0,6570.0,60.0,76.53839195569357,,,0.9830000000000001,0.985,0.012289608730900304,0.049217341910583245,0.04543622526104543,0.04777021794115102,1.0
xor,fixed_tanh_matched_bpneat,30,0.9946666666666667,0.0,65.0,69.0,87678.0,60.0,26.346014841397604,,,0.9864999999999999,0.9875,0.01018365830886545,0.03531330532051511,0.027726228671366773,0.03124582328944939,1.0
xor,fixed_tanh_matched_cgp,30,0.9948333333333333,0.0,65.0,69.0,81906.0,60.0,24.72679358323415,,,0.9856666666666665,0.99,0.010063019815944523,0.03324296262806621,0.02708958453375996,0.031646632998196825,1.0
